asset,feature,coef,se,boot_mean,ci_lower_99,ci_upper_99,sig_99,ci_lower_95,ci_upper_95,sig_95,ci_lower_90,ci_upper_90,sig_90
r_btc,y_lag1,0.001272444979619431,0.0021936612434295243,0.0011860075570534804,-0.0037738129936267903,0.007665072278401346,False,-0.0028816951903095803,0.00599102522831879,False,-0.0021633967316972047,0.004965361924315535,False
r_btc,y_lag2,0.0010495136799151044,0.0018516209670087925,0.0011115276843779972,-0.0034741986099090846,0.006328077286986563,False,-0.0023131424066898964,0.0050108255384472365,False,-0.0018111329280840014,0.004277438653247218,False
r_btc,y_lag3,-0.0012390569142561858,0.0018623716031034559,-0.001339196091343133,-0.006334880029606412,0.00319877963707342,False,-0.0050528832987390155,0.0022462546087546028,False,-0.0043461874291893495,0.001653775980346027,False
r_btc,y_lag4,-0.0033741692561374283,0.0015734890172215846,-0.003097699369898363,-0.006951200379853533,0.0010018055889908068,False,-0.006030319001283105,7.850674319354747e-05,False,-0.005582552729132858,-0.000503805589626054,True
r_btc,soc_epi_signed_topicweighted_lag0,0.0005325193480983201,0.0017262884747108141,0.00050470459406586,-0.0037442613793938788,0.005618720090218848,False,-0.002615550088043471,0.004067638380840647,False,-0.002283271494299509,0.003346264699167907,False
r_btc,soc_epi_signed_topicweighted_lag1,-0.0014286364086785982,0.001908038788879449,-0.0013482170489942122,-0.006998237320858366,0.003111958773138944,False,-0.0052753496776678935,0.0020269950581439096,False,-0.004695858910015389,0.0015504072835937645,False
r_btc,soc_epi_signed_topicweighted_lag2,0.00034483227343506934,0.0016903555916699183,0.0003031875337559442,-0.0038408617153946976,0.0047026023116052305,False,-0.002989055444103656,0.003458594526276544,False,-0.0024647353249353555,0.0030179735766123587,False
r_btc,soc_epi_signed_topicweighted_lag3,0.0022194291547217213,0.0014999704679436064,0.002268127061199787,-0.0013672359239903778,0.006300718810630263,False,-0.0005306342433034329,0.005205819002106967,False,-7.575373475600077e-05,0.004844906362540555,False
r_btc,soc_epi_signed_topicweighted_lead1,0.002616154910950062,0.0016977185530706368,0.002478479634629858,-0.001493031904889749,0.007087302814523915,False,-0.000791704552950726,0.006084450952276985,False,-0.0003562202259733024,0.005385623052172137,False
r_gold,y_lag1,0.0019683629763238117,0.000976647792853045,0.002007617570029366,0.0,0.004719049360073598,False,0.0001467049478986347,0.004112486741089872,True,0.00040948698570479614,0.003713003331749084,True
r_gold,y_lag2,0.001982158393686142,0.000917876684558579,0.0019164368520261962,-6.322326676356027e-05,0.004224694921897122,False,6.15903345091241e-05,0.003797536443243695,True,0.00037688662250995943,0.0035101465897134604,True
r_gold,soc_epi_signed_topicweighted_lag0,-0.0012281002060923682,0.0008660896579391646,-0.0011032652344942133,-0.0034089624051880586,0.000717792100884942,False,-0.0028308375971996206,0.00034052403942707324,False,-0.0025631390896354773,7.58356427082386e-05,False
r_gold,soc_epi_signed_topicweighted_lag1,-0.0007110741423548426,0.0006226959544472601,-0.0006075056737460087,-0.002382334059521529,0.0009249963337515829,False,-0.0019236647197019008,0.00047571067488925446,False,-0.0016605580022116672,0.00019565963188957755,False
r_gold,soc_epi_signed_topicweighted_lag2,0.0020256622697701785,0.0012949491873276277,0.0018817037927128081,-0.00036945291963122093,0.0050903082853043,False,-0.0,0.00451514719425496,False,0.0,0.004082774461358471,False
r_gold,soc_epi_signed_topicweighted_lag3,-0.00035524583922306785,0.0005516177203053741,-0.00038867196959712356,-0.0018765694528955785,0.0011710368736250895,False,-0.001535237246582928,0.0007091304445808155,False,-0.0013577610503547222,0.0004118750174273789,False
r_gold,soc_epi_signed_topicweighted_lead1,-0.0008460339850005855,0.0006264009124323445,-0.0008696673862601689,-0.0024826072289015396,0.0003831644446094066,False,-0.0021311758872537227,1.4899366827649322e-08,False,-0.0019647882271514937,0.0,False
r_gold,ctl_dln_eurusd_lag1,0.0,0.0006234521757632042,8.596415199475037e-05,-0.0019580684232619085,0.0019157055297968795,False,-0.001194067596498043,0.0013342352643185963,False,-0.0010059180185439584,0.001130001494150077,False
r_gold,ctl_dln_usdcny_lag1,0.0011782350482144768,0.0006561617140335514,0.0010735426143728994,-0.0006765981837542548,0.0028622750348842353,False,0.0,0.0023179524237468534,False,0.0,0.002096113578555983,False
r_gold,ctl_dln_oil_lag1,-0.0003870278155331953,0.0008663293266827201,-0.0005853498971977337,-0.0030703077098647035,0.0014329897501462895,False,-0.0024125777522946315,0.000929201397850152,False,-0.002089652965905872,0.0007523423805926268,False
r_gold,ctl_dy10_lag1,0.0021899197865797035,0.0009618575894111969,0.0022961080772353907,0.0,0.0047836336663471925,False,0.00037130774118307263,0.004221249353289769,True,0.000724553338651773,0.003923462490970302,True
r_spx,y_lag1,0.0,0.0,0.0,0.0,0.0,False,0.0,0.0,False,0.0,0.0,False
r_spx,y_lag2,0.0,0.0004546599094448652,8.9093625643401e-05,0.0,0.0033177225923643624,False,0.0,0.0013461123397624844,False,0.0,0.00035848203316984575,False
r_spx,y_lag3,0.0,0.0006207205565235684,0.000145562371988935,0.0,0.004187236887792068,False,0.0,0.002189178561418656,False,0.0,0.00104201245198622,False
r_spx,soc_epi_signed_topicweighted_lag0,0.0,0.0,0.0,0.0,0.0,False,-0.0,0.0,False,0.0,0.0,False
r_spx,soc_epi_signed_topicweighted_lead1,-0.0,0.0,0.0,0.0,0.0,False,0.0,0.0,False,-0.0,0.0,False
r_spx,soc_epi_signed_topicweighted_lead2,0.0,0.0,0.0,0.0,0.0,False,0.0,0.0,False,0.0,0.0,False
r_spx,ctl_dln_eurusd_lag1,0.0,0.0,0.0,0.0,0.0,False,0.0,0.0,False,0.0,0.0,False
r_spx,ctl_dln_usdcny_lag1,0.0,0.0,0.0,0.0,0.0,False,0.0,0.0,False,0.0,0.0,False
r_spx,ctl_dln_oil_lag1,0.0,0.0,0.0,-0.0,0.0,False,0.0,0.0,False,0.0,0.0,False
r_spx,ctl_dy10_lag1,0.0,0.00013550472490490994,1.5274119133819532e-05,0.0,0.0011159761764728895,False,0.0,0.0,False,0.0,0.0,False
r_spx_auto,y_lag1,0.0,0.0,0.0,0.0,0.0,False,0.0,0.0,False,0.0,0.0,False
r_spx_auto,y_lag2,0.0,0.0,0.0,0.0,0.0,False,0.0,0.0,False,0.0,0.0,False
r_spx_auto,y_lag3,0.0,0.0,0.0,0.0,0.0,False,0.0,0.0,False,0.0,0.0,False
r_spx_auto,soc_epi_signed_topicweighted_lag0,-0.0,0.0,0.0,-0.0,0.0,False,-0.0,0.0,False,-0.0,0.0,False
r_spx_auto,soc_epi_signed_topicweighted_lead1,-0.0,0.0,0.0,-0.0,0.0,False,-0.0,0.0,False,-0.0,0.0,False
r_spx_auto,ctl_dln_eurusd_lag1,0.0,0.0,0.0,0.0,0.0,False,0.0,0.0,False,0.0,0.0,False
r_spx_auto,ctl_dln_eurusd_lag2,-0.0,0.0,0.0,-0.0,0.0,False,-0.0,0.0,False,0.0,0.0,False
r_spx_auto,ctl_dln_eurusd_lag3,-0.0,0.0,0.0,-0.0,0.0,False,-0.0,0.0,False,-0.0,0.0,False
r_spx_auto,ctl_dln_usdcny_lag1,0.0,0.0,0.0,0.0,0.0,False,0.0,0.0,False,0.0,0.0,False
r_spx_auto,ctl_dln_usdcny_lag2,-0.0,0.0,0.0,0.0,0.0,False,-0.0,0.0,False,0.0,0.0,False
r_spx_auto,ctl_dln_usdcny_lag3,0.0,0.0,0.0,-0.0,0.0,False,-0.0,0.0,False,0.0,0.0,False
r_spx_auto,ctl_dln_oil_lag1,0.0,0.0,0.0,-0.0,0.0,False,0.0,0.0,False,-0.0,0.0,False
r_spx_auto,ctl_dln_oil_lag2,-0.0,0.0,0.0,-0.0,0.0,False,-0.0,0.0,False,0.0,0.0,False
r_spx_auto,ctl_dln_oil_lag3,-0.0,0.0,0.0,-0.0,0.0,False,0.0,0.0,False,-0.0,0.0,False
r_spx_auto,ctl_dy10_lag1,0.0,0.0,0.0,0.0,0.0,False,0.0,0.0,False,0.0,0.0,False
r_spx_auto,ctl_dy10_lag2,-0.0,0.0,0.0,-0.0,0.0,False,-0.0,0.0,False,-0.0,0.0,False
r_spx_auto,ctl_dy10_lag3,-0.0,0.0,0.0,-0.0,0.0,False,-0.0,0.0,False,0.0,0.0,False
r_spx_oilgas,y_lag1,0.0,0.00026168367651248153,-2.0396028463927473e-05,-0.0017480352776499306,0.0008929491566202639,False,-0.00044110493652182103,0.00023023287625268627,False,-9.72242721224283e-05,0.0,False
r_spx_oilgas,soc_epi_signed_topicweighted_lag0,-0.0,0.0001277398033491227,-7.322633591317958e-07,-0.00045211389392299083,0.0007531928491918692,False,-4.746767069944688e-05,0.0,False,-0.0,0.0,False
r_spx_oilgas,soc_epi_signed_topicweighted_lag1,0.0,0.00018842381723150343,4.019278283129146e-05,-6.747713330266545e-05,0.0014726505666975563,False,-0.0,0.0005838389772871629,False,0.0,0.0002929974254193126,False
r_spx_oilgas,soc_epi_signed_topicweighted_lag2,0.0,0.00011579314517732403,1.5200622065696905e-05,0.0,0.0008320925269520554,False,0.0,1.9884196281056253e-05,False,0.0,0.0,False
r_spx_oilgas,soc_epi_signed_topicweighted_lag3,0.0,0.0002215648515560409,7.990341818003557e-05,0.0,0.0012313179914601076,False,0.0,0.0007704359197287816,False,0.0,0.0005748844561714793,False
r_spx_oilgas,ctl_dln_eurusd_lag1,0.0,0.0004480881799859612,0.00021153077711623557,0.0,0.0023079233827182073,False,0.0,0.0014988641137570519,False,0.0,0.0012114795342258726,False
r_spx_oilgas,ctl_dln_usdcny_lag1,0.001011249408653841,0.0007940489668339013,0.0008738955536323531,0.0,0.0034775984603841845,False,0.0,0.0028324003864802385,False,0.0,0.0023611184849521107,False
r_spx_oilgas,ctl_dln_oil_lag1,0.0,0.0003284450434942141,-1.5200091312569194e-05,-0.00199091839408378,0.0014352726322373489,False,-0.0007838798301718104,0.0006346939841706678,False,-0.0002919120043595712,0.00024441035023222644,False
r_spx_oilgas,ctl_dy10_lag1,0.0009319487733252797,0.0015059445268686261,0.001308084175636365,-0.00025583589923649754,0.006289124225768981,False,0.0,0.0047479626887573225,False,0.0,0.004337593555804967,False
r_spx_mach,y_lag1,0.0,0.0,0.0,0.0,0.0,False,0.0,0.0,False,0.0,0.0,False
r_spx_mach,soc_epi_signed_topicweighted_lag0,-0.0,0.0,0.0,0.0,0.0,False,0.0,0.0,False,0.0,0.0,False
r_spx_mach,soc_epi_signed_topicweighted_lag1,-0.0,0.0,0.0,0.0,0.0,False,0.0,0.0,False,-0.0,0.0,False
r_spx_mach,soc_epi_signed_topicweighted_lag2,0.0,0.0,0.0,0.0,0.0,False,0.0,0.0,False,0.0,0.0,False
r_spx_mach,soc_epi_signed_topicweighted_lag3,-0.0,0.0,0.0,0.0,0.0,False,-0.0,0.0,False,-0.0,0.0,False
r_spx_mach,ctl_dln_eurusd_lag1,0.0,2.1784833902248778e-05,8.258878779500125e-07,0.0,0.0,False,0.0,0.0,False,0.0,0.0,False
r_spx_mach,ctl_dln_eurusd_lag2,-0.0,0.00020308263402899442,-3.8439376735653574e-05,-0.0013694453185429608,0.0,False,-0.0005490417820385126,0.0,False,-0.00010929380804674052,0.0,False
r_spx_mach,ctl_dln_usdcny_lag1,0.0,7.398823656658598e-05,1.0191211954443628e-05,0.0,0.0006062297886822398,False,0.0,1.4669118471295984e-07,False,0.0,0.0,False
r_spx_mach,ctl_dln_usdcny_lag2,-0.0,4.609475087718405e-06,-2.0562851098666158e-07,0.0,0.0,False,0.0,0.0,False,0.0,0.0,False
r_spx_mach,ctl_dln_oil_lag1,0.0,1.7261061292521534e-05,7.018389990804208e-07,0.0,0.0,False,0.0,0.0,False,0.0,0.0,False
r_spx_mach,ctl_dln_oil_lag2,-0.0,0.0010100754749195542,-0.00045538210444759787,-0.005140408589613353,0.0,False,-0.0036651883702044914,0.0,False,-0.002775629186528458,0.0,False
r_spx_mach,ctl_dy10_lag1,0.0,0.0009870958996752019,0.0005687955589676993,0.0,0.004242825478754868,False,-0.0,0.0033117402138593014,False,0.0,0.002746766150791489,False
r_spx_mach,ctl_dy10_lag2,-0.0,4.6722778966752365e-06,-2.509424866494534e-07,-0.0,0.0,False,-0.0,0.0,False,0.0,0.0,False
r_spx_elec,y_lag1,-0.0,0.0,0.0,0.0,0.0,False,-0.0,0.0,False,-0.0,0.0,False
r_spx_elec,y_lag2,0.0,0.0,0.0,0.0,0.0,False,0.0,0.0,False,0.0,0.0,False
r_spx_elec,y_lag3,0.0,0.0,0.0,0.0,0.0,False,0.0,0.0,False,0.0,0.0,False
r_spx_elec,soc_epi_signed_topicweighted_lag0,0.0,0.0,0.0,0.0,0.0,False,-0.0,0.0,False,0.0,0.0,False
r_spx_elec,soc_epi_signed_topicweighted_lead1,0.0,0.0,0.0,0.0,0.0,False,0.0,0.0,False,-0.0,0.0,False
r_spx_elec,soc_epi_signed_topicweighted_lead2,0.0,0.0,0.0,-0.0,0.0,False,-0.0,0.0,False,0.0,0.0,False
r_spx_elec,ctl_dln_eurusd_lag1,0.0,0.0,0.0,0.0,0.0,False,0.0,0.0,False,0.0,0.0,False
r_spx_elec,ctl_dln_usdcny_lag1,0.0,0.0,0.0,0.0,0.0,False,0.0,0.0,False,0.0,0.0,False
r_spx_elec,ctl_dln_oil_lag1,0.0,0.0,0.0,0.0,0.0,False,0.0,0.0,False,-0.0,0.0,False
r_spx_elec,ctl_dy10_lag1,0.0,0.0,0.0,0.0,0.0,False,0.0,0.0,False,0.0,0.0,False
r_aapl,y_lag1,0.0022871465764777938,0.0017381878345644967,0.0018471821341556765,-0.0013549038385777222,0.006651499183511239,False,-0.0,0.005654031892731339,False,0.0,0.004994871363518153,False
r_aapl,soc_epi_signed_topicweighted_lag0,-0.0,0.0009725133694178719,-0.0004216900996400352,-0.0037512783344982345,0.0025325493403878744,False,-0.0029921589537072147,0.0011737969814667188,False,-0.002454926296389048,0.0006326051344130183,False
r_aapl,soc_epi_signed_topicweighted_lag1,-0.00041557527948845924,0.0007715319329898904,-0.00038725255449498697,-0.003095305718517498,0.0019114957200093126,False,-0.0023766506321717916,0.0007592725901092283,False,-0.0018818895016554096,8.017977152514582e-05,False
r_aapl,soc_epi_signed_topicweighted_lag2,0.002853048301823407,0.0014151022158288649,0.0027006419202574104,0.0,0.006369824607331819,False,0.0,0.005450622488044378,False,0.0002666764685874347,0.0051517514765029495,True
r_aapl,ctl_dln_eurusd_lag1,0.00026928046461818165,0.0012347067171587336,0.0006695047433056886,-0.00219483555121291,0.005315662960693273,False,-0.00107011243081057,0.0037410766942370314,False,-0.0004321829366270138,0.003109600093453916,False
r_aapl,ctl_dln_eurusd_lag2,-0.004068204519470894,0.0017547102310574401,-0.003627567383963897,-0.008101599269393514,0.0,False,-0.0070146200654759416,0.0,False,-0.006475855493487448,-0.0006573793209703353,True
r_aapl,ctl_dln_eurusd_lag3,-0.001192422952888489,0.0013560163125875375,-0.0012260501607581926,-0.0058408080144754385,0.00028674733561397293,False,-0.004485001367422953,0.0,False,-0.0038504109266113812,0.0,False
r_aapl,ctl_dln_usdcny_lag1,3.9826665384466974e-05,0.0014283793196072283,0.0007285234841188051,-0.0025741345237464183,0.006073204939217352,False,-0.0013048987594477264,0.0044479287093905214,False,-0.0007917307474844732,0.003919686799671435,False
r_aapl,ctl_dln_usdcny_lag2,-0.0,0.0009741372365090425,-0.0005352473172055921,-0.0044107961618653595,0.0018972940306187542,False,-0.0030267858691364314,0.0006598146827869443,False,-0.002578843340777625,0.000183819129549012,False
r_aapl,ctl_dln_usdcny_lag3,0.0007059222924011866,0.0012745032647743801,0.0011045954803313226,-0.0006691907577056904,0.0055174229171805235,False,0.0,0.00424654001497837,False,0.0,0.0035441912544450773,False
r_aapl,ctl_dln_oil_lag1,-0.0014214800793472526,0.0015115183960846986,-0.001466797211528594,-0.005597051741766015,0.0010429261416502655,False,-0.0047803947202392,0.00017108858655879992,False,-0.004288828333418581,0.0,False
r_aapl,ctl_dln_oil_lag2,-0.002895443799489725,0.0028751995403194356,-0.0028855358950145437,-0.010291798730985905,0.00266427115948847,False,-0.008841631573449431,0.0013851704613905159,False,-0.008014817525988286,0.00045708691576220337,False
r_aapl,ctl_dln_oil_lag3,-0.0002727707980952494,0.0017278074071215529,-0.0005802952882788073,-0.006159876599929683,0.003961292325563444,False,-0.00471522605507202,0.0029198135742071448,False,-0.00410779453821898,0.0021046293904741185,False
r_aapl,ctl_dy10_lag1,0.004793011779270904,0.0027912836231379795,0.004056198775937615,-0.00015085979368438255,0.010714490898353786,False,-0.0,0.009447651792282123,False,0.0,0.008787763820512044,False
r_aapl,ctl_dy10_lag2,0.0,0.0008569269646833736,0.00021993992405923687,-0.0029605703249674974,0.003640882090152397,False,-0.0013899851252050493,0.002435226444680625,False,-0.0009617907432022222,0.0018563034721446171,False
r_aapl,ctl_dy10_lag3,-0.003300884417903863,0.0026743291391924636,-0.0029851362138859287,-0.011652294397856136,0.0007128598494589343,False,-0.009116254109739284,0.0,False,-0.008290916302767286,0.0,False
