event,phase,n,ccd_mean,ccd_std,ccd_engweighted_mean,ccd_engweighted_std,ccd_topicweighted_mean,ccd_topicweighted_std,ccd_engweighted_topicweighted_mean,ccd_engweighted_topicweighted_std
Initial Tariff Announcements,pre,5.0,0.1618225657,0.12900218062823243,0.14677771792,0.13344721586676228,0.16095519130000002,0.11806964748713755,0.11564108512,0.09695811376460026
Initial Tariff Announcements,during,5.0,0.0757960562,0.07395444502387802,0.07365068906,0.0343543421734128,0.10083175156000002,0.08754617229346837,0.14470789728,0.05848626959882162
Initial Tariff Announcements,post,5.0,0.18295572460000004,0.12059251078052136,0.1624059125,0.12676477341655645,0.11256710214000001,0.12238161654337319,0.12568556472,0.07530773479871092
Initial Tariff Announcements,Δ during-pre,,-0.0860265095,,-0.07312702886,,-0.060123439740000006,,0.029066812159999997,
Initial Tariff Announcements,Δ post-during,,0.10715966840000003,,0.08875522344,,0.011735350579999998,,-0.019022332559999994,
Tariffs Postponed,pre,5.0,0.11295274831999999,0.09494271886074646,0.10186539218000001,0.07640868522449377,0.18135310772,0.06651362045322587,0.047617696300000005,0.042745155613137374
Tariffs Postponed,during,3.0,0.05432385863333333,0.0507446094984697,0.049731766133333334,0.02999760648065561,0.13530275323333332,0.10896130871506246,0.10009502120000001,0.01439833187179998
Tariffs Postponed,post,5.0,0.04986790594,0.036646792254247676,0.04257978348000001,0.035844905339292556,0.12370920272000001,0.06416023649649623,0.05349500562,0.04662934899953971
Tariffs Postponed,Δ during-pre,,-0.05862888968666666,,-0.05213362604666668,,-0.04605035448666667,,0.052477324900000004,
Tariffs Postponed,Δ post-during,,-0.004455952693333334,,-0.007151982653333326,,-0.011593550513333314,,-0.04660001558000001,
China Retaliation & US Tariffs,pre,5.0,0.07436725274,0.060152198877120464,0.056108794399999995,0.03968406140944177,0.13466530846,0.10534594389570481,0.1052557188,0.015686863397470437
China Retaliation & US Tariffs,during,4.0,0.050269237675,0.04230338121582241,0.04825520005,0.03870926629060439,0.146607846525,0.04464372306375596,0.035219470075,0.025931195906040337
China Retaliation & US Tariffs,post,5.0,0.14893207047999998,0.1224764076189147,0.13875263164,0.12984013005036651,0.06847190598,0.07980144897325396,0.13760479432,0.04198163835657017
China Retaliation & US Tariffs,Δ during-pre,,-0.024098015065,,-0.007853594349999993,,0.011942538065000008,,-0.070036248725,
China Retaliation & US Tariffs,Δ post-during,,0.09866283280499999,,0.09049743159000001,,-0.078135940545,,0.10238532424499999,
Global Tariffs,pre,5.0,0.07489514402000001,0.0687308566778762,0.08016702768,0.06743967260931502,0.047944213060000004,0.03951898754878762,0.12797779678,0.044890012067643884
Global Tariffs,during,3.0,0.22136928460000002,0.22459949971364737,0.21614648376666667,0.22300260583950912,0.1075454319,0.07689647293468567,0.06916483186666667,0.07941080435149005
Global Tariffs,post,5.0,0.16108419168,0.1318891466467257,0.1613733144,0.1280939942598647,0.14512549708,0.11931974783454605,0.12690914694000002,0.10414274656316864
Global Tariffs,Δ during-pre,,0.14647414058000002,,0.13597945608666667,,0.05960121884,,-0.05881296491333335,
Global Tariffs,Δ post-during,,-0.06028509292000003,,-0.05477316936666668,,0.03758006518,,0.05774431507333336,
US-China Tariff Threats,pre,5.0,0.1560225876,0.18449368118513956,0.15490927986,0.18085286550152818,0.1000630646,0.06381420899879041,0.06915258394,0.06949666700392897
US-China Tariff Threats,during,3.0,0.22980529140000003,0.12434668156549043,0.22691987466666666,0.12280859271670355,0.18264948603333334,0.14550850741973784,0.16542577020000002,0.11302516437436579
US-China Tariff Threats,post,5.0,0.16067341658,0.05119543072191216,0.15990915912,0.052706061817617,0.04389279868,0.06475249606896023,0.011009879439999998,0.02282335026485294
US-China Tariff Threats,Δ during-pre,,0.07378270380000002,,0.07201059480666666,,0.08258642143333333,,0.09627318626000002,
US-China Tariff Threats,Δ post-during,,-0.06913187482000002,,-0.06701071554666665,,-0.13875668735333335,,-0.15441589076,
Tariffs Relaxed,pre,5.0,0.10530793308000001,0.06337805102801276,0.09907360280000001,0.059352985128921724,0.11759587007999998,0.05631770092182687,0.07240236250000001,0.03639680555394423
Tariffs Relaxed,during,5.0,0.10275196715999999,0.01431102194858405,0.09701858726,0.01597105638573234,0.12913436512,0.03149450640027918,0.05372516540000001,0.014285938508365605
Tariffs Relaxed,post,5.0,0.20123579787999998,0.08901367990831108,0.18140278086,0.0787040703240369,0.17469950764000003,0.050127659361892875,0.04137953938000001,0.020366626698331856
Tariffs Relaxed,Δ during-pre,,-0.002555965920000028,,-0.0020550155400000103,,0.011538495040000027,,-0.0186771971,
Tariffs Relaxed,Δ post-during,,0.09848383072,,0.0843841936,,0.04556514252000002,,-0.01234562602,
Trade Deals,pre,5.0,0.10275196715999999,0.01431102194858405,0.09701858726,0.01597105638573234,0.12913436512,0.03149450640027918,0.05372516540000001,0.014285938508365605
Trade Deals,during,8.0,0.21950686003749997,0.0900605846365971,0.207058738175,0.08803972741824072,0.1743047579875,0.05284549849592642,0.036191933962500006,0.026590616912089447
Trade Deals,post,5.0,0.14131931611999998,0.030010151012947517,0.12555911870000003,0.0373197588234111,0.13016358192000002,0.025256959542759895,0.0781053678,0.0573189514289914
Trade Deals,Δ during-pre,,0.11675489287749999,,0.11004015091500001,,0.04517039286749999,,-0.017533231437500005,
Trade Deals,Δ post-during,,-0.07818754391749999,,-0.08149961947499998,,-0.04414117606749998,,0.0419134338375,
Apple Tariff Threat,pre,5.0,0.17705374102,0.04933095557556525,0.16945431794000002,0.052217330224712644,0.13595721828000001,0.028554650813313216,0.03808279702,0.055722521675389575
Apple Tariff Threat,during,4.0,0.082059540475,0.03865089020722528,0.069278991225,0.029919189695572206,0.09213820142500001,0.036251900300321285,0.11135186894999999,0.028566764757023678
Apple Tariff Threat,post,5.0,0.11013926375999998,0.023325149255918783,0.10421915492,0.024413068198369053,0.09938414038000001,0.024700224584411838,0.0654273557,0.020293921728641976
Apple Tariff Threat,Δ during-pre,,-0.09499420054499999,,-0.10017532671500001,,-0.043819016855000004,,0.07326907192999998,
Apple Tariff Threat,Δ post-during,,0.028079723284999983,,0.034940163695,,0.007245938955000003,,-0.04592451324999999,
