event,phase,n,ei_community_mean,ei_community_std,ei_community_topicweighted_mean,ei_community_topicweighted_std,ei_creator_mean,ei_creator_std,ei_creator_engweighted_mean,ei_creator_engweighted_std,ei_creator_topicweighted_mean,ei_creator_topicweighted_std
Initial Tariff Announcements,pre,5.0,0.048468270960000004,0.12600791112740162,0.0469053427,0.1207458537531479,0.015555570819999998,0.32103222419295513,-0.014534171679999996,0.2964925805722617,0.07136040966,0.31321282118930155
Initial Tariff Announcements,during,5.0,-0.21364666274,0.14939852633380962,-0.2062362635,0.1437950068769365,-0.06871794264,0.08177838421243828,-0.09658963684000002,0.1373678585338446,-0.16992184578,0.2868665937271288
Initial Tariff Announcements,post,5.0,-0.34894679294,0.04820815358940482,-0.33483095142,0.048179542927572455,0.016964656259999995,0.28529496761887313,-0.024134967900000002,0.2964177138784462,-0.11291091764000001,0.29280208198135055
Initial Tariff Announcements,Δ during-pre,,-0.2621149337,,-0.2531416062,,-0.08427351346,,-0.08205546516000002,,-0.24128225543999998,
Initial Tariff Announcements,Δ post-during,,-0.13530013019999998,,-0.12859468792000003,,0.08568259889999999,,0.07245466894000002,,0.057010928139999986,
Tariffs Postponed,pre,5.0,-0.35319401347999996,0.07149280751724267,-0.34022065863999995,0.06875919724085863,-0.13558971576,0.21520111273816053,-0.18015822107999996,0.1997998491163025,0.022485556820000002,0.13421544762596868
Tariffs Postponed,during,3.0,-0.3694312194666667,0.023439385887931985,-0.3547006186000001,0.022673295255066,-0.26078350219999996,0.0932493963926592,-0.29366682253333337,0.08601971515210652,-0.08409511220000003,0.22435515592912592
Tariffs Postponed,post,5.0,-0.33508446578,0.001543031075085496,-0.32221281792,0.0034598808728866903,-0.23534865391999998,0.0739250175836456,-0.27510444946,0.09906504248936449,-0.07479441244,0.12654234703110867
Tariffs Postponed,Δ during-pre,,-0.016237205986666725,,-0.014479959960000122,,-0.12519378643999995,,-0.11350860145333341,,-0.10658066902000003,
Tariffs Postponed,Δ post-during,,0.034346753686666676,,0.03248780068000007,,0.025434848279999978,,0.01856237307333336,,0.00930069976000003,
China Retaliation & US Tariffs,pre,5.0,-0.34447733354,0.042144632598569216,-0.33066797764,0.03999996252064315,-0.19574282806,0.14773836475434649,-0.24647922594,0.12153253832392927,-0.06133736076,0.2273218032558771
China Retaliation & US Tariffs,during,4.0,-0.33563338470000004,0.001079743793690372,-0.32341019215,0.0025304150967056143,-0.235094909375,0.08535874329965053,-0.270597422875,0.1137969900025486,-0.03019449905,0.0899422349449099
China Retaliation & US Tariffs,post,5.0,-0.28249516944,0.0399592047441125,-0.2706579895,0.03877731548523134,-0.37444438904000005,0.4206769163193798,-0.38989840783999996,0.40903083133324986,-0.20082163498,0.2265245773012612
China Retaliation & US Tariffs,Δ during-pre,,0.008843948839999949,,0.007257785490000002,,-0.03935208131499998,,-0.024118196935000003,,0.03114286171,
China Retaliation & US Tariffs,Δ post-during,,0.05313821526000001,,0.052752202650000024,,-0.13934947966500005,,-0.11930098496499997,,-0.17062713593,
Global Tariffs,pre,5.0,-0.31588854982000003,0.04926385739766579,-0.30289744063999996,0.04628293630301113,-0.42757570102,0.1379470031114113,-0.44195185622000005,0.1364202948794313,-0.25595536210000003,0.08977994410783101
Global Tariffs,during,3.0,-0.30238690063333334,0.06524214513531815,-0.28966372926666667,0.06209302388708269,0.055555560199999986,0.5853139800774351,0.04510988236666665,0.5795197213417096,-0.07457286546666667,0.21350686257611534
Global Tariffs,post,5.0,-0.31414801047999996,0.039023529556974315,-0.29452389500000004,0.03896590391569464,-0.36282072408,0.4284535729082204,-0.36793839423999997,0.42412376652594375,-0.10221430814000003,0.3329452980493239
Global Tariffs,Δ during-pre,,0.013501649186666687,,0.01323371137333329,,0.48313126121999994,,0.4870617385866667,,0.18138249663333336,
Global Tariffs,Δ post-during,,-0.011761109846666618,,-0.004860165733333366,,-0.41837628427999995,,-0.4130482766066666,,-0.027641442673333363,
US-China Tariff Threats,pre,5.0,-0.31409160012000004,0.05172373423629417,-0.30017716716000004,0.04970249785281389,-0.06714974980000002,0.4575378351688387,-0.07336560282000001,0.4533427748081325,-0.10005103793999999,0.17526181625697151
US-China Tariff Threats,during,3.0,-0.30248091790000003,0.04421329982418465,-0.280241609,0.04001384668867899,-0.43722939693333335,0.57162525025296,-0.44584476999999995,0.5607513643941462,-0.07817831580000002,0.45400957717989165
US-China Tariff Threats,post,5.0,-0.34301849358,0.06400257988976642,-0.3208521288,0.059841280034424967,-0.08571427346,0.1916629420985661,-0.08418575858,0.18824507892226616,-0.02201973874,0.04564665887468194
US-China Tariff Threats,Δ during-pre,,0.011610682220000001,,0.019935558160000033,,-0.3700796471333333,,-0.37247916717999996,,0.021872722139999967,
US-China Tariff Threats,Δ post-during,,-0.04053757567999994,,-0.04061051980000002,,0.35151512347333336,,0.36165901141999995,,0.05615857706000002,
Tariffs Relaxed,pre,5.0,-0.37855569640000003,0.11549827997577838,-0.3594656982,0.10754582031912195,-0.18657660607999998,0.07284030351058404,-0.19328323822,0.07074693727942333,-0.14710149396,0.0763024208202487
Tariffs Relaxed,during,5.0,-0.3941332108,0.03329098977170129,-0.37712187978000006,0.031526992251421575,-0.18862927648000002,0.026321782554437397,-0.20009603624,0.04639810833509295,-0.11885314956000001,0.0378602868734742
Tariffs Relaxed,post,5.0,-0.41309646440000003,0.014110155754155227,-0.39584025574000004,0.011699943551747152,-0.010624868640000004,0.18121000434180567,-0.05029090274,0.16132959230315602,-0.04644124046,0.09303961846506316
Tariffs Relaxed,Δ during-pre,,-0.015577514399999992,,-0.01765618158000004,,-0.0020526704000000395,,-0.0068127980200000104,,0.028248344399999986,
Tariffs Relaxed,Δ post-during,,-0.018963253600000007,,-0.018718375959999978,,0.17800440784000002,,0.1498051335,,0.0724119091,
Trade Deals,pre,5.0,-0.3941332108,0.03329098977170129,-0.37712187978000006,0.031526992251421575,-0.18862927648000002,0.026321782554437397,-0.20009603624,0.04639810833509295,-0.11885314956000001,0.0378602868734742
Trade Deals,during,8.0,-0.38185139557500003,0.05666771665956641,-0.364734385625,0.05511217805611401,0.057162324500000014,0.18261121821288936,0.03226608069999999,0.18381738310207468,-0.016124869637499997,0.0957543751060466
Trade Deals,post,5.0,-0.43548911024,0.07787437639627358,-0.41564208234000005,0.07384814696601616,-0.15285047804000002,0.12126904987397827,-0.18437087286,0.12751515063212981,-0.15531491852,0.11894503760602937
Trade Deals,Δ during-pre,,0.012281815224999992,,0.012387494155000067,,0.24579160098000002,,0.23236211693999997,,0.10272827992250001,
Trade Deals,Δ post-during,,-0.05363771466499995,,-0.05090769671500006,,-0.21001280254000004,,-0.21663695356,,-0.13919004888250003,
Apple Tariff Threat,pre,5.0,-0.37160388678,0.0952821736537547,-0.35394730828000004,0.09111534852068054,-0.01749640476,0.14218747895807746,-0.03269525094,0.15050757676607862,-0.08203287172,0.11553333506422832
Apple Tariff Threat,during,4.0,-0.42158502485000005,0.06972201544618688,-0.4039042753,0.0647165910266669,-0.2574659439,0.03332287671597316,-0.283027042425,0.0158614217510268,-0.21962787247499999,0.0633097418913366
Apple Tariff Threat,post,5.0,-0.34850632764,0.0411465263704173,-0.33285324232,0.03955592998162631,-0.12822780012,0.06217003658880695,-0.14006801780000003,0.06502038802778118,-0.13408496156,0.03979270257680866
Apple Tariff Threat,Δ during-pre,,-0.04998113807000004,,-0.049956967019999965,,-0.23996953914,,-0.250331791485,,-0.13759500075499997,
Apple Tariff Threat,Δ post-during,,0.07307869721000004,,0.07105103297999998,,0.12923814377999998,,0.14295902462499996,,0.08554291091499999,
