event,phase,n,epi_signed_mean,epi_signed_std,epi_signed_engweighted_mean,epi_signed_engweighted_std,epi_signed_topicweighted_mean,epi_signed_topicweighted_std,epi_signed_engweighted_topicweighted_mean,epi_signed_engweighted_topicweighted_std
Initial Tariff Announcements,pre,5.0,-0.0019492029200000028,0.060404275206266865,-0.005738527919999998,0.05479774759681594,0.010074753620000002,0.055001945480945794,0.01049503318,0.03200024914605011
Initial Tariff Announcements,during,5.0,-0.013995717000000001,0.02263363765004922,-0.013770108819999998,0.016279791155548597,-0.00464643862,0.03580795284225626,-0.0147526618,0.02485414646239054
Initial Tariff Announcements,post,5.0,0.006319654779999998,0.07975412895867177,0.0074780637200000015,0.07740868741166018,0.006731864620000002,0.048543008698236245,-0.008351864760000001,0.0257445862809728
Initial Tariff Announcements,Δ during-pre,,-0.01204651408,,-0.0080315809,,-0.014721192240000002,,-0.02524769498,
Initial Tariff Announcements,Δ post-during,,0.02031537178,,0.02124817254,,0.011378303240000002,,0.00640079704,
Tariffs Postponed,pre,5.0,-0.02476851018,0.02146314328412657,-0.02364735984,0.018018222572958285,-0.03979587984,0.019292371630243887,0.0007288585799999998,0.006164476390875914
Tariffs Postponed,during,3.0,-0.015760173533333335,0.013639735510728564,-0.015749024866666666,0.008249432929453777,-0.03653771493333333,0.027470844423680498,-0.005102965633333334,0.01114947102465058
Tariffs Postponed,post,5.0,-0.01313064712,0.00873299017542615,-0.01169623058,0.008446543452402597,-0.02452460544,0.010967576693439701,-0.004045159259999999,0.0070336247267782
Tariffs Postponed,Δ during-pre,,0.009008336646666667,,0.007898334973333334,,0.0032581649066666662,,-0.005831824213333334,
Tariffs Postponed,Δ post-during,,0.0026295264133333347,,0.004052794286666666,,0.012013109493333333,,0.0010578063733333344,
China Retaliation & US Tariffs,pre,5.0,-0.01736207058,0.010770408707592178,-0.01447788864,0.007563851197624461,-0.03482870746000001,0.025488533790627592,-0.00429121876,0.012136064281446136
China Retaliation & US Tariffs,during,4.0,-0.01297911015,0.010076394867061383,-0.013064772525,0.00909062234886063,-0.0283651112,0.007877420564585494,-0.0010497396250000002,0.0024790274567332627
China Retaliation & US Tariffs,post,5.0,-0.06693576538,0.09038531360750753,-0.06430578462,0.0918190553010772,-0.016413942140000002,0.01615283211645203,-0.0168865832,0.01751988425602025
China Retaliation & US Tariffs,Δ during-pre,,0.004382960429999999,,0.0014131161149999998,,0.00646359626000001,,0.0032414791349999997,
China Retaliation & US Tariffs,Δ post-during,,-0.05395665523,,-0.051241012094999996,,0.011951169059999999,,-0.015836843575,
Global Tariffs,pre,5.0,-0.02974451918,0.02943126181198235,-0.03225465012,0.029180198763996103,-0.012412247920000001,0.009103583763367208,-0.017990407000000003,0.01040142651406189
Global Tariffs,during,3.0,0.062112550733333334,0.14465032097846073,0.060101937200000004,0.1410995876834162,-0.017507405833333333,0.009680184107032324,-0.008009994066666666,0.015156161266311427
Global Tariffs,post,5.0,-0.0696561046,0.08981556801258885,-0.06932636558000001,0.08949143110203034,0.00506991386,0.06685536186745594,-0.01041766298,0.03841566377321655
Global Tariffs,Δ during-pre,,0.09185706991333334,,0.09235658732,,-0.005095157913333332,,0.009980412933333337,
Global Tariffs,Δ post-during,,-0.13176865533333335,,-0.12942830278,,0.022577319693333334,,-0.0024076689133333343,
US-China Tariff Threats,pre,5.0,0.03182684508,0.11048018563522954,0.030116815380000002,0.1079808293592635,-0.0173005698,0.007389239852660847,-0.00805921096,0.012120870247657903
US-China Tariff Threats,during,3.0,-0.10702569873333334,0.10415570216096513,-0.10563669773333334,0.10504432168428174,0.019776733600000002,0.09007138242833887,-0.011940747433333334,0.05365365378679006
US-China Tariff Threats,post,5.0,-0.03221102188,0.009199934095193082,-0.031886403480000006,0.00941616989357136,-0.007036561620000001,0.010048923000039903,-0.0005379417,0.0011968268461318538
US-China Tariff Threats,Δ during-pre,,-0.13885254381333334,,-0.13575351311333334,,0.0370773034,,-0.003881536473333334,
US-China Tariff Threats,Δ post-during,,0.07481467685333335,,0.07375029425333333,,-0.026813295220000005,,0.011402805733333334,
Tariffs Relaxed,pre,5.0,-0.030776933160000002,0.01946722243939698,-0.02952099742,0.018689847150770808,-0.03051442062,0.016221943191453127,-0.00630188406,0.005171063658155635
Tariffs Relaxed,during,5.0,-0.03002308672,0.005572637842050255,-0.028616742140000002,0.0047356183070723585,-0.031935820260000004,0.007826551428851003,-0.0030496638600000002,0.0017788230757785773
Tariffs Relaxed,post,5.0,-0.05789837056,0.030016023125235224,-0.050036866160000006,0.021830740197275423,-0.041327593700000005,0.009763189500476839,-0.0014202133,0.002469711844576811
Tariffs Relaxed,Δ during-pre,,0.0007538464400000007,,0.0009042552799999985,,-0.0014213996400000047,,0.0032522202,
Tariffs Relaxed,Δ post-during,,-0.02787528384,,-0.021420124020000004,,-0.00939177344,,0.0016294505600000003,
Trade Deals,pre,5.0,-0.03002308672,0.005572637842050255,-0.028616742140000002,0.0047356183070723585,-0.031935820260000004,0.007826551428851003,-0.0030496638600000002,0.0017788230757785773
Trade Deals,during,8.0,-0.062195166925,0.03536623507949171,-0.0572644609,0.032992059108083775,-0.038990897600000005,0.015129233004510715,-0.00026622880000000014,0.0029236174070038094
Trade Deals,post,5.0,-0.0405743852,0.008963887012814219,-0.03687539758,0.010123142210399139,-0.03555363346,0.00706238191811958,-0.00872879666,0.008544445009644186
Trade Deals,Δ during-pre,,-0.032172080205,,-0.02864771876,,-0.00705507734,,0.00278343506,
Trade Deals,Δ post-during,,0.021620781725000003,,0.020389063320000005,,0.003437264140000007,,-0.008462567859999999,
Apple Tariff Threat,pre,5.0,-0.04219670604,0.018551057392592902,-0.04039886232,0.018242017557453773,-0.028761741219999998,0.010225497871045257,-0.0039342774,0.0075413885221963005
Apple Tariff Threat,during,4.0,-0.028564569975,0.015329259739165867,-0.025271701875,0.01339806036069471,-0.028759336625000003,0.012011852223748934,-0.013011283750000002,0.00614420715067676
Apple Tariff Threat,post,5.0,-0.02581915756,0.005033336398804186,-0.024952479860000005,0.005029849018211655,-0.0231993685,0.00640684732344182,-0.00461021348,0.0025515940736373873
Apple Tariff Threat,Δ during-pre,,0.013632136064999998,,0.015127160445,,2.404594999994708e-06,,-0.009077006350000002,
Apple Tariff Threat,Δ post-during,,0.002745412414999999,,0.00031922201499999525,,0.005559968125000002,,0.008401070270000002,
