event,phase,n,surprise_mean,surprise_std,surprise_engweighted_mean,surprise_engweighted_std,surprise_topicweighted_mean,surprise_topicweighted_std,surprise_engweighted_topicweighted_mean,surprise_engweighted_topicweighted_std
Initial Tariff Announcements,pre,5.0,0.041612064520000006,0.010963591770995722,0.042511195300000006,0.00926166938489462,0.03788459756,0.016805246379651688,0.0386072736,0.015842094466934877
Initial Tariff Announcements,during,5.0,0.04299587632,0.00743781935736803,0.04251769568,0.005369078066273345,0.043335236140000004,0.008846868641166286,0.04177345458,0.0061439651463638684
Initial Tariff Announcements,post,5.0,0.04405671112,0.00881416835243213,0.04391645350000001,0.008645301031642853,0.04306813784,0.00906133463465932,0.04273078952,0.008652051332793545
Initial Tariff Announcements,Δ during-pre,,0.0013838117999999955,,6.5003799999963086e-06,,0.005450638580000007,,0.0031661809800000024,
Initial Tariff Announcements,Δ post-during,,0.0010608348000000004,,0.0013987578200000059,,-0.00026709830000000434,,0.0009573349399999986,
Tariffs Postponed,pre,5.0,0.03666777198,0.002075381896679754,0.03709605886,0.0035063995676573785,0.03480093376,0.005130548003028262,0.0344296347,0.005277474387522056
Tariffs Postponed,during,3.0,0.04218982856666667,0.008782844355639923,0.0421805334,0.008854549174652752,0.04100235373333334,0.009363507570678184,0.040847357933333335,0.009315868727819721
Tariffs Postponed,post,5.0,0.039861286600000004,0.006142449655017204,0.04001533646,0.006279654440428389,0.03951239604,0.006931379071021052,0.03968283754,0.007084638534379892
Tariffs Postponed,Δ during-pre,,0.005522056586666671,,0.005084474539999995,,0.006201419973333337,,0.006417723233333332,
Tariffs Postponed,Δ post-during,,-0.002328541966666667,,-0.0021651969399999957,,-0.0014899576933333353,,-0.0011645203933333334,
China Retaliation & US Tariffs,pre,5.0,0.041526872000000006,0.007863494561504925,0.041582296500000004,0.00806808784937834,0.04041175662,0.008746319489972383,0.04036340946,0.008908030845120481
China Retaliation & US Tariffs,during,4.0,0.038018637575,0.00526028017222831,0.038072355025,0.005235542074121036,0.037508828,0.006107109667880702,0.037587009725,0.006135104673074139
China Retaliation & US Tariffs,post,5.0,0.04664264652,0.005332893405710202,0.04633892296,0.005382735720028762,0.0466645934,0.0034805754956206704,0.046216045780000006,0.0034024757712696595
China Retaliation & US Tariffs,Δ during-pre,,-0.0035082344250000064,,-0.003509941475000007,,-0.002902928620000002,,-0.002776399734999997,
China Retaliation & US Tariffs,Δ post-during,,0.008624008944999997,,0.008266567935000003,,0.009155765400000002,,0.008629036055000004,
Global Tariffs,pre,5.0,0.041873181620000005,0.009766037488817044,0.041252950840000004,0.009477315600049444,0.041351544700000006,0.010524503454214294,0.039760659840000004,0.009567484914225188
Global Tariffs,during,3.0,0.044295828233333334,0.005163986646853702,0.0448760413,0.003138638226501164,0.04836417676666666,0.004636157863160502,0.04944555066666667,0.006867147520478305
Global Tariffs,post,5.0,0.0680357781,0.01410841321800276,0.06687663384,0.013849445080990298,0.07625888226000001,0.01994849836268589,0.07458405688,0.0202099473678522
Global Tariffs,Δ during-pre,,0.002422646613333329,,0.003623090459999999,,0.007012632066666656,,0.009684890826666667,
Global Tariffs,Δ post-during,,0.023739949866666665,,0.022000592540000002,,0.027894705493333345,,0.025138506213333328,
US-China Tariff Threats,pre,5.0,0.048025704020000004,0.006931633236066813,0.04795561376,0.005251830690448326,0.05172517664,0.00914609806478144,0.05138662744,0.009113284233366103
US-China Tariff Threats,during,3.0,0.0776459517,0.005873954321142294,0.07641107476666666,0.0057419610882015045,0.08925368613333333,0.007693805015800994,0.08810793306666669,0.005119553787519113
US-China Tariff Threats,post,5.0,0.06369556288,0.011943664773213288,0.06324798754,0.011805283706898479,0.0639626321,0.017469575005502166,0.06348607638,0.017279790035810795
US-China Tariff Threats,Δ during-pre,,0.02962024767999999,,0.028455461006666655,,0.03752850949333333,,0.036721305626666687,
US-China Tariff Threats,Δ post-during,,-0.013950388819999993,,-0.013163087226666662,,-0.02529105403333333,,-0.02462185668666668,
Tariffs Relaxed,pre,5.0,0.04933274317999999,0.009922010467921072,0.04944224272,0.010001260326869973,0.04899569433999999,0.009380942627926126,0.04898891264000001,0.009718475280869198
Tariffs Relaxed,during,5.0,0.045902009560000005,0.0022188669551401912,0.046121106640000006,0.0019502929805537772,0.0446276365,0.002335299014277503,0.0447502235,0.0019428455705639389
Tariffs Relaxed,post,5.0,0.04558751256,0.003328704478237568,0.04549299196000001,0.003386608021360196,0.04400900892,0.0036106261517940695,0.04383745262,0.0036298798756496512
Tariffs Relaxed,Δ during-pre,,-0.003430733619999987,,-0.003321136079999995,,-0.004368057839999995,,-0.0042386891400000085,
Tariffs Relaxed,Δ post-during,,-0.00031449700000000386,,-0.0006281146799999998,,-0.000618627579999996,,-0.0009127708799999967,
Trade Deals,pre,5.0,0.045902009560000005,0.0022188669551401912,0.046121106640000006,0.0019502929805537772,0.0446276365,0.002335299014277503,0.0447502235,0.0019428455705639389
Trade Deals,during,8.0,0.04799033850000001,0.004375478686503884,0.04791724355,0.004464071087110549,0.046802937625,0.005165724704203337,0.046694426250000004,0.0052015955873899
Trade Deals,post,5.0,0.0474362331,0.0039528594823927945,0.04801480846,0.0035339071268633104,0.04739999248,0.0029950957318137785,0.04799979746000001,0.0027001883130354557
Trade Deals,Δ during-pre,,0.002088328940000002,,0.0017961369099999958,,0.002175301125000001,,0.0019442027500000056,
Trade Deals,Δ post-during,,-0.0005541054000000045,,9.756491000000034e-05,,0.000597054855000001,,0.0013053712100000031,
Apple Tariff Threat,pre,5.0,0.04953894028,0.0032896598124486334,0.049790288939999996,0.0028020245560782813,0.048400048779999996,0.0029984706309562656,0.04876201898,0.0026976271936451973
Apple Tariff Threat,during,4.0,0.043714172200000005,0.0025230194941275124,0.044492340175,0.002115293572991301,0.043988842325,0.003282313389516077,0.0448588132,0.002976638168417658
Apple Tariff Threat,post,5.0,0.045981017639999996,0.00255507197404858,0.04781502454000001,0.003286796343375633,0.04512848586,0.002369769036263619,0.047107641580000005,0.0035201042188970247
Apple Tariff Threat,Δ during-pre,,-0.005824768079999994,,-0.005297948764999998,,-0.004411206454999997,,-0.003903205780000002,
Apple Tariff Threat,Δ post-during,,0.0022668454399999913,,0.0033226843650000087,,0.0011396435349999984,,0.002248828380000005,
