asset,feature,coef,se,pvalue,stars,ci_lower_95,ci_upper_95,sig_95
r_btc,r_btc_lag1,0.0,0.0,1.0,,0.0,0.0,False
r_btc,r_gold_lag1,0.0,0.0,1.0,,0.0,0.0,False
r_btc,r_spx_lag1,0.0,0.0,1.0,,0.0,0.0,False
r_btc,r_spx_auto_lag1,0.0,0.0,1.0,,0.0,0.0,False
r_btc,r_spx_oilgas_lag1,0.0,0.0,1.0,,0.0,0.0,False
r_btc,r_spx_mach_lag1,0.0,0.0,1.0,,0.0,0.0,False
r_btc,r_spx_elec_lag1,0.0,0.0,1.0,,0.0,0.0,False
r_btc,r_aapl_lag1,0.0,0.0,1.0,,0.0,0.0,False
r_btc,r_btc_lag2,0.0,0.0,1.0,,0.0,0.0,False
r_btc,r_gold_lag2,-0.0,0.0,1.0,,0.0,-0.0,False
r_btc,r_spx_lag2,0.0,0.0,1.0,,0.0,0.0,False
r_btc,r_spx_auto_lag2,0.0,0.0,1.0,,0.0,-0.0,False
r_btc,r_spx_oilgas_lag2,0.0,0.0,1.0,,0.0,0.0,False
r_btc,r_spx_mach_lag2,0.0,0.0,1.0,,0.0,0.0,False
r_btc,r_spx_elec_lag2,0.0,0.0,1.0,,0.0,0.0,False
r_btc,r_aapl_lag2,0.0,0.0,1.0,,0.0,0.0,False
r_btc,dln_eurusd_xlag0,-0.0,0.0,1.0,,0.0,-0.0,False
r_btc,dln_usdcny_xlag0,-0.0,0.0,1.0,,0.0,0.0,False
r_btc,dln_oil_xlag0,0.0,0.0,1.0,,0.0,0.0,False
r_btc,dy10_xlag0,0.0,0.0,1.0,,0.0,0.0,False
r_btc,dln_eurusd_xlag1,-0.0,0.0,1.0,,0.0,0.0,False
r_btc,dln_usdcny_xlag1,-0.0,0.0,1.0,,0.0,0.0,False
r_btc,dln_oil_xlag1,-0.0,2.0712470143336714e-05,1.0,,0.0,-0.0,False
r_btc,dy10_xlag1,0.0,0.0,1.0,,0.0,0.0,False
r_gold,r_btc_lag1,0.0,0.0,1.0,,0.0,0.0,False
r_gold,r_gold_lag1,0.0,0.0,1.0,,0.0,0.0,False
r_gold,r_spx_lag1,0.0,0.0,1.0,,0.0,0.0,False
r_gold,r_spx_auto_lag1,0.0,0.0,1.0,,0.0,0.0,False
r_gold,r_spx_oilgas_lag1,0.0,0.0,1.0,,0.0,0.0,False
r_gold,r_spx_mach_lag1,0.0,0.0,1.0,,0.0,0.0,False
r_gold,r_spx_elec_lag1,0.0,0.0,1.0,,0.0,0.0,False
r_gold,r_aapl_lag1,0.0,0.0,1.0,,0.0,0.0,False
r_gold,r_btc_lag2,0.0,0.0,1.0,,0.0,0.0,False
r_gold,r_gold_lag2,0.0,0.0,1.0,,0.0,0.0,False
r_gold,r_spx_lag2,0.0,0.0,1.0,,0.0,0.0,False
r_gold,r_spx_auto_lag2,0.0,0.0,1.0,,0.0,-0.0,False
r_gold,r_spx_oilgas_lag2,0.0,0.0,1.0,,0.0,0.0,False
r_gold,r_spx_mach_lag2,0.0,0.0,1.0,,0.0,0.0,False
r_gold,r_spx_elec_lag2,0.0,0.0,1.0,,0.0,0.0,False
r_gold,r_aapl_lag2,0.0,0.0,1.0,,0.0,0.0,False
r_gold,dln_eurusd_xlag0,0.0,0.0,1.0,,0.0,0.0,False
r_gold,dln_usdcny_xlag0,0.0,0.0,1.0,,0.0,0.0,False
r_gold,dln_oil_xlag0,-0.0,0.0,1.0,,0.0,0.0,False
r_gold,dy10_xlag0,0.0,0.0,1.0,,0.0,0.0,False
r_gold,dln_eurusd_xlag1,0.0,0.0,1.0,,0.0,0.0,False
r_gold,dln_usdcny_xlag1,0.0,0.0,1.0,,0.0,0.0,False
r_gold,dln_oil_xlag1,-0.0,0.0,1.0,,0.0,0.0,False
r_gold,dy10_xlag1,0.0,0.0,1.0,,0.0,0.0,False
r_spx,r_btc_lag1,0.0,0.0,1.0,,0.0,0.0,False
r_spx,r_gold_lag1,0.0,0.0,1.0,,0.0,0.0,False
r_spx,r_spx_lag1,0.0,0.0,1.0,,0.0,0.0,False
r_spx,r_spx_auto_lag1,0.0,0.0,1.0,,0.0,0.0,False
r_spx,r_spx_oilgas_lag1,0.0,8.207781166866092e-05,1.0,,0.0,0.0,False
r_spx,r_spx_mach_lag1,0.0,1.105204661203746e-05,1.0,,0.0,0.0,False
r_spx,r_spx_elec_lag1,0.0,0.0,1.0,,0.0,0.0,False
r_spx,r_aapl_lag1,0.0,3.679993810735303e-05,1.0,,0.0,0.0,False
r_spx,r_btc_lag2,0.0,0.0,1.0,,0.0,0.0,False
r_spx,r_gold_lag2,0.0,0.0,1.0,,0.0,0.0,False
r_spx,r_spx_lag2,-0.0,0.0,1.0,,0.0,-0.0,False
r_spx,r_spx_auto_lag2,0.0,0.0,1.0,,0.0,0.0,False
r_spx,r_spx_oilgas_lag2,0.0,0.0,1.0,,0.0,0.0,False
r_spx,r_spx_mach_lag2,0.0,0.0,1.0,,0.0,0.0,False
r_spx,r_spx_elec_lag2,0.0,0.0,1.0,,0.0,0.0,False
r_spx,r_aapl_lag2,0.0,0.0,1.0,,0.0,0.0,False
r_spx,dln_eurusd_xlag0,-0.0,0.0,1.0,,0.0,-0.0,False
r_spx,dln_usdcny_xlag0,0.0,0.0,1.0,,0.0,0.0,False
r_spx,dln_oil_xlag0,-0.0,2.5964213274691218e-06,1.0,,0.0,0.0,False
r_spx,dy10_xlag0,0.0,0.0,1.0,,0.0,0.0,False
r_spx,dln_eurusd_xlag1,0.0,0.0,1.0,,0.0,0.0,False
r_spx,dln_usdcny_xlag1,0.0,0.0,1.0,,0.0,0.0,False
r_spx,dln_oil_xlag1,-0.0,0.0,1.0,,0.0,-0.0,False
r_spx,dy10_xlag1,0.0,0.0,1.0,,0.0,0.0,False
r_spx_auto,r_btc_lag1,0.0,0.00017181735374297325,1.0,,0.0,0.0,False
r_spx_auto,r_gold_lag1,-0.0,2.6708003792985575e-05,1.0,,0.0,-0.0,False
r_spx_auto,r_spx_lag1,0.0,0.0,1.0,,0.0,0.0,False
r_spx_auto,r_spx_auto_lag1,0.0,2.4562011709469196e-05,1.0,,0.0,0.0,False
r_spx_auto,r_spx_oilgas_lag1,0.0,0.0006574991371530785,1.0,,0.0,0.002283221612619772,False
r_spx_auto,r_spx_mach_lag1,0.0,0.0009274817383864774,1.0,,0.0,0.003272811895972729,False
r_spx_auto,r_spx_elec_lag1,0.0,0.0001719463992122868,1.0,,0.0,0.0,False
r_spx_auto,r_aapl_lag1,0.0,0.0008333748959856752,1.0,,0.0,0.003166506742775114,False
r_spx_auto,r_btc_lag2,0.0,0.000457345371959208,1.0,,0.0,0.0010976912315807253,False
r_spx_auto,r_gold_lag2,0.0,0.0,1.0,,0.0,0.0,False
r_spx_auto,r_spx_lag2,-0.0,0.0,1.0,,0.0,0.0,False
r_spx_auto,r_spx_auto_lag2,0.0,4.729869433150046e-05,1.0,,0.0,0.0,False
r_spx_auto,r_spx_oilgas_lag2,-0.0,0.0,1.0,,0.0,-0.0,False
r_spx_auto,r_spx_mach_lag2,-0.0,0.0,1.0,,0.0,0.0,False
r_spx_auto,r_spx_elec_lag2,0.0,1.843390882663656e-05,1.0,,0.0,0.0,False
r_spx_auto,r_aapl_lag2,-0.0,0.0,1.0,,0.0,0.0,False
r_spx_auto,dln_eurusd_xlag0,-0.0,8.568035783577768e-05,1.0,,0.0,-0.0,False
r_spx_auto,dln_usdcny_xlag0,0.0,0.0002996313740911328,1.0,,0.0,0.0004591136193003106,False
r_spx_auto,dln_oil_xlag0,-0.0,0.00016166454596393422,1.0,,0.0,-0.0,False
r_spx_auto,dy10_xlag0,-0.0,0.00022834682676509653,1.0,,0.0,0.0,False
r_spx_auto,dln_eurusd_xlag1,0.0,0.00015761150567549764,1.0,,0.0,0.0,False
r_spx_auto,dln_usdcny_xlag1,0.0,0.0006542101131884275,1.0,,0.0,0.002222329553228306,False
r_spx_auto,dln_oil_xlag1,-0.0,0.0,1.0,,0.0,-0.0,False
r_spx_auto,dy10_xlag1,0.0,0.0005191773554229734,1.0,,0.0,0.0015326320122083818,False
r_spx_oilgas,r_btc_lag1,0.0,0.0,1.0,,0.0,0.0,False
r_spx_oilgas,r_gold_lag1,0.0,0.0,1.0,,0.0,0.0,False
r_spx_oilgas,r_spx_lag1,0.0,5.048520764413278e-05,1.0,,0.0,0.0,False
r_spx_oilgas,r_spx_auto_lag1,0.0,0.0,1.0,,0.0,0.0,False
r_spx_oilgas,r_spx_oilgas_lag1,0.0,0.00010816730504216191,1.0,,0.0,0.0,False
r_spx_oilgas,r_spx_mach_lag1,0.0,0.0006101826198670554,1.0,,0.0,0.0018401191703220675,False
r_spx_oilgas,r_spx_elec_lag1,0.0,0.00048150903405952254,1.0,,0.0,0.001577675089685437,False
r_spx_oilgas,r_aapl_lag1,0.0,0.00045345017546768616,1.0,,0.0,0.0015257764541387814,False
r_spx_oilgas,r_btc_lag2,0.0,0.0,1.0,,0.0,0.0,False
r_spx_oilgas,r_gold_lag2,-0.0,0.0,1.0,,0.0,-0.0,False
r_spx_oilgas,r_spx_lag2,-0.0,0.0,1.0,,0.0,-0.0,False
r_spx_oilgas,r_spx_auto_lag2,0.0,0.0,1.0,,0.0,-0.0,False
r_spx_oilgas,r_spx_oilgas_lag2,0.0,0.0,1.0,,0.0,0.0,False
r_spx_oilgas,r_spx_mach_lag2,-0.0,0.0,1.0,,0.0,-0.0,False
r_spx_oilgas,r_spx_elec_lag2,-0.0,0.0,1.0,,0.0,-0.0,False
r_spx_oilgas,r_aapl_lag2,-0.0,0.0,1.0,,0.0,0.0,False
r_spx_oilgas,dln_eurusd_xlag0,-0.0,0.0,1.0,,0.0,0.0,False
r_spx_oilgas,dln_usdcny_xlag0,0.0,0.0,1.0,,0.0,0.0,False
r_spx_oilgas,dln_oil_xlag0,-0.0,0.0004418765080474902,1.0,,-0.001326546882551896,-0.0,False
r_spx_oilgas,dy10_xlag0,0.0,0.0,1.0,,0.0,0.0,False
r_spx_oilgas,dln_eurusd_xlag1,0.0,0.0,1.0,,0.0,0.0,False
r_spx_oilgas,dln_usdcny_xlag1,0.0,0.0,1.0,,0.0,0.0,False
r_spx_oilgas,dln_oil_xlag1,-0.0,0.0,1.0,,0.0,-0.0,False
r_spx_oilgas,dy10_xlag1,0.0,0.0,1.0,,0.0,0.0,False
r_spx_mach,r_btc_lag1,0.0,0.0,1.0,,0.0,0.0,False
r_spx_mach,r_gold_lag1,0.0,0.0,1.0,,0.0,0.0,False
r_spx_mach,r_spx_lag1,0.0,0.0,1.0,,0.0,0.0,False
r_spx_mach,r_spx_auto_lag1,0.0,0.0,1.0,,0.0,0.0,False
r_spx_mach,r_spx_oilgas_lag1,0.0,4.517091555745842e-05,1.0,,0.0,0.0,False
r_spx_mach,r_spx_mach_lag1,0.0,0.0,1.0,,0.0,0.0,False
r_spx_mach,r_spx_elec_lag1,0.0,0.0,1.0,,0.0,0.0,False
r_spx_mach,r_aapl_lag1,0.0,4.132571365213518e-06,1.0,,0.0,0.0,False
r_spx_mach,r_btc_lag2,0.0,0.0,1.0,,0.0,0.0,False
r_spx_mach,r_gold_lag2,0.0,0.0,1.0,,0.0,0.0,False
r_spx_mach,r_spx_lag2,0.0,0.0,1.0,,0.0,-0.0,False
r_spx_mach,r_spx_auto_lag2,0.0,0.0,1.0,,0.0,-0.0,False
r_spx_mach,r_spx_oilgas_lag2,0.0,0.0,1.0,,0.0,-0.0,False
r_spx_mach,r_spx_mach_lag2,0.0,0.0,1.0,,0.0,0.0,False
r_spx_mach,r_spx_elec_lag2,0.0,0.0,1.0,,0.0,0.0,False
r_spx_mach,r_aapl_lag2,0.0,0.0,1.0,,0.0,0.0,False
r_spx_mach,dln_eurusd_xlag0,-0.0,0.0,1.0,,0.0,-0.0,False
r_spx_mach,dln_usdcny_xlag0,0.0,0.0,1.0,,0.0,0.0,False
r_spx_mach,dln_oil_xlag0,-0.0,6.774886788465323e-05,1.0,,0.0,0.0,False
r_spx_mach,dy10_xlag0,0.0,0.0,1.0,,0.0,0.0,False
r_spx_mach,dln_eurusd_xlag1,0.0,0.0,1.0,,0.0,0.0,False
r_spx_mach,dln_usdcny_xlag1,0.0,0.0,1.0,,0.0,0.0,False
r_spx_mach,dln_oil_xlag1,-0.0,0.0,1.0,,0.0,-0.0,False
r_spx_mach,dy10_xlag1,0.0,0.0,1.0,,0.0,0.0,False
r_spx_elec,r_btc_lag1,0.0,0.0,1.0,,0.0,0.0,False
r_spx_elec,r_gold_lag1,0.0,0.0,1.0,,0.0,0.0,False
r_spx_elec,r_spx_lag1,0.0,0.0,1.0,,0.0,0.0,False
r_spx_elec,r_spx_auto_lag1,0.0,0.0,1.0,,0.0,0.0,False
r_spx_elec,r_spx_oilgas_lag1,0.0,6.526004111098489e-05,1.0,,0.0,0.0,False
r_spx_elec,r_spx_mach_lag1,0.0,0.0,1.0,,0.0,0.0,False
r_spx_elec,r_spx_elec_lag1,0.0,0.0,1.0,,0.0,0.0,False
r_spx_elec,r_aapl_lag1,0.0,7.858028643313486e-05,1.0,,0.0,0.0,False
r_spx_elec,r_btc_lag2,0.0,3.1624359172831885e-05,1.0,,0.0,0.0,False
r_spx_elec,r_gold_lag2,-0.0,0.0,1.0,,0.0,0.0,False
r_spx_elec,r_spx_lag2,-0.0,0.0,1.0,,0.0,-0.0,False
r_spx_elec,r_spx_auto_lag2,-0.0,0.0,1.0,,0.0,-0.0,False
r_spx_elec,r_spx_oilgas_lag2,-0.0,0.0,1.0,,0.0,-0.0,False
r_spx_elec,r_spx_mach_lag2,0.0,0.0,1.0,,0.0,0.0,False
r_spx_elec,r_spx_elec_lag2,-0.0,0.0,1.0,,0.0,-0.0,False
r_spx_elec,r_aapl_lag2,-0.0,0.0,1.0,,0.0,0.0,False
r_spx_elec,dln_eurusd_xlag0,-0.0,0.0,1.0,,0.0,-0.0,False
r_spx_elec,dln_usdcny_xlag0,-0.0,0.0,1.0,,0.0,-0.0,False
r_spx_elec,dln_oil_xlag0,-0.0,0.0004858158109208611,1.0,,-0.0014906962513818289,-0.0,False
r_spx_elec,dy10_xlag0,-0.0,1.2551453527573233e-05,1.0,,0.0,0.0,False
r_spx_elec,dln_eurusd_xlag1,0.0,0.0,1.0,,0.0,0.0,False
r_spx_elec,dln_usdcny_xlag1,0.0,9.343053963909344e-06,1.0,,0.0,0.0,False
r_spx_elec,dln_oil_xlag1,-0.0,0.0,1.0,,0.0,-0.0,False
r_spx_elec,dy10_xlag1,0.0,0.0,1.0,,0.0,0.0,False
r_aapl,r_btc_lag1,0.0,5.287879336751223e-06,1.0,,0.0,0.0,False
r_aapl,r_gold_lag1,0.0,0.0,1.0,,0.0,0.0,False
r_aapl,r_spx_lag1,0.0,0.0,1.0,,0.0,0.0,False
r_aapl,r_spx_auto_lag1,0.0,1.2371710469459664e-05,1.0,,0.0,0.0,False
r_aapl,r_spx_oilgas_lag1,0.0,0.00025134154210083707,1.0,,0.0,0.0,False
r_aapl,r_spx_mach_lag1,0.0,0.0,1.0,,0.0,0.0,False
r_aapl,r_spx_elec_lag1,0.0,9.149430965113656e-05,1.0,,0.0,0.0,False
r_aapl,r_aapl_lag1,0.0,0.0007075654049048429,1.0,,0.0,0.0026865715884184893,False
r_aapl,r_btc_lag2,0.0,0.00040490015768479554,1.0,,0.0,0.001015398810385934,False
r_aapl,r_gold_lag2,0.0,0.0,1.0,,0.0,0.0,False
r_aapl,r_spx_lag2,0.0,0.0,1.0,,0.0,-0.0,False
r_aapl,r_spx_auto_lag2,0.0,0.0,1.0,,0.0,0.0,False
r_aapl,r_spx_oilgas_lag2,0.0,0.0,1.0,,0.0,0.0,False
r_aapl,r_spx_mach_lag2,0.0,0.0,1.0,,0.0,0.0,False
r_aapl,r_spx_elec_lag2,0.0,0.0,1.0,,0.0,0.0,False
r_aapl,r_aapl_lag2,0.0,0.0,1.0,,0.0,0.0,False
r_aapl,dln_eurusd_xlag0,-0.0,3.545223886928532e-05,1.0,,0.0,-0.0,False
r_aapl,dln_usdcny_xlag0,0.0,0.0,1.0,,0.0,0.0,False
r_aapl,dln_oil_xlag0,-0.0,0.0004967688278541164,1.0,,-0.0010659173906836833,-0.0,False
r_aapl,dy10_xlag0,0.0,0.0002607404467180032,1.0,,0.0,0.0,False
r_aapl,dln_eurusd_xlag1,0.0,0.0,1.0,,0.0,0.0,False
r_aapl,dln_usdcny_xlag1,0.0,0.00010853696596045113,1.0,,0.0,0.0,False
r_aapl,dln_oil_xlag1,-0.0,0.0,1.0,,0.0,0.0,False
r_aapl,dy10_xlag1,0.0,0.00018823801633994472,1.0,,0.0,0.0,False
