feature,coef,se,boot_mean,ci_lower_99,ci_upper_99,ci_lower_95,ci_upper_95,ci_lower_90,ci_upper_90,pvalue,stars,sig_99,sig_95,sig_90,asset
r_btc_lag1,0.0,0.0,0.0,0.0,0.0,0.0,0.0,0.0,0.0,1.0,,False,False,False,r_btc
r_gold_lag1,0.0,0.0,0.0,0.0,0.0,0.0,0.0,-0.0,0.0,1.0,,False,False,False,r_btc
r_spx_lag1,0.0,0.0,0.0,0.0,0.0,0.0,0.0,0.0,0.0,1.0,,False,False,False,r_btc
r_spx_auto_lag1,0.0,0.0,0.0,0.0,0.0,0.0,0.0,0.0,0.0,1.0,,False,False,False,r_btc
r_spx_oilgas_lag1,0.0,0.0,0.0,0.0,0.0,0.0,0.0,0.0,0.0,1.0,,False,False,False,r_btc
r_spx_mach_lag1,0.0,0.0,0.0,0.0,0.0,0.0,0.0,0.0,0.0,1.0,,False,False,False,r_btc
r_spx_elec_lag1,0.0,0.0,0.0,0.0,0.0,0.0,0.0,0.0,0.0,1.0,,False,False,False,r_btc
r_aapl_lag1,0.0,0.0,0.0,0.0,0.0,0.0,0.0,0.0,0.0,1.0,,False,False,False,r_btc
r_btc_lag2,0.0,0.0,0.0,0.0,0.0,0.0,0.0,0.0,0.0,1.0,,False,False,False,r_btc
r_gold_lag2,-0.0,0.0,0.0,-0.0,0.0,-0.0,0.0,-0.0,0.0,1.0,,False,False,False,r_btc
r_spx_lag2,0.0,0.0,0.0,0.0,0.0,0.0,0.0,0.0,0.0,1.0,,False,False,False,r_btc
r_spx_auto_lag2,0.0,0.0,0.0,0.0,0.0,0.0,0.0,0.0,0.0,1.0,,False,False,False,r_btc
r_spx_oilgas_lag2,0.0,0.0,0.0,0.0,0.0,0.0,0.0,0.0,0.0,1.0,,False,False,False,r_btc
r_spx_mach_lag2,0.0,0.0,0.0,0.0,0.0,0.0,0.0,0.0,0.0,1.0,,False,False,False,r_btc
r_spx_elec_lag2,0.0,0.0,0.0,0.0,0.0,0.0,0.0,0.0,0.0,1.0,,False,False,False,r_btc
r_aapl_lag2,0.0,0.0,0.0,0.0,0.0,0.0,0.0,0.0,0.0,1.0,,False,False,False,r_btc
dln_eurusd_xlag0,-0.0,0.0,0.0,-0.0,0.0,-0.0,0.0,-0.0,0.0,1.0,,False,False,False,r_btc
dln_usdcny_xlag0,-0.0,0.0,0.0,-0.0,0.0,0.0,0.0,0.0,0.0,1.0,,False,False,False,r_btc
dln_oil_xlag0,0.0,0.0,0.0,-0.0,0.0,0.0,0.0,0.0,0.0,1.0,,False,False,False,r_btc
dy10_xlag0,0.0,0.0,0.0,-0.0,0.0,0.0,0.0,0.0,0.0,1.0,,False,False,False,r_btc
dln_eurusd_xlag1,-0.0,0.0,0.0,0.0,0.0,-0.0,0.0,0.0,0.0,1.0,,False,False,False,r_btc
dln_usdcny_xlag1,-0.0,0.0,0.0,0.0,0.0,-0.0,0.0,-0.0,0.0,1.0,,False,False,False,r_btc
dln_oil_xlag1,-0.0,0.0,0.0,-0.0,0.0,-0.0,0.0,-0.0,0.0,1.0,,False,False,False,r_btc
dy10_xlag1,0.0,0.0,0.0,0.0,0.0,0.0,0.0,-0.0,0.0,1.0,,False,False,False,r_btc
ei_community_xlag0,0.0,0.0,0.0,0.0,0.0,0.0,0.0,0.0,0.0,1.0,,False,False,False,r_btc
ei_community_topicweighted_xlag0,0.0,0.0,0.0,0.0,0.0,0.0,0.0,0.0,0.0,1.0,,False,False,False,r_btc
ei_creator_xlag0,-0.0,0.0,0.0,-0.0,0.0,-0.0,0.0,-0.0,0.0,1.0,,False,False,False,r_btc
ei_creator_engweighted_xlag0,-0.0,0.0,0.0,0.0,0.0,-0.0,0.0,-0.0,0.0,1.0,,False,False,False,r_btc
ei_creator_engweighted_topicweighted_xlag0,-0.0,0.0,0.0,0.0,0.0,-0.0,0.0,-0.0,0.0,1.0,,False,False,False,r_btc
ei_creator_topicweighted_xlag0,-0.0,0.0,0.0,0.0,0.0,-0.0,0.0,-0.0,0.0,1.0,,False,False,False,r_btc
ei_community_xlag1,0.0,0.0,0.0,0.0,0.0,0.0,0.0,0.0,0.0,1.0,,False,False,False,r_btc
ei_community_topicweighted_xlag1,0.0,0.0,0.0,0.0,0.0,0.0,0.0,0.0,0.0,1.0,,False,False,False,r_btc
ei_creator_xlag1,-0.0,0.0,0.0,-0.0,0.0,-0.0,0.0,-0.0,0.0,1.0,,False,False,False,r_btc
ei_creator_engweighted_xlag1,-0.0,0.0,0.0,-0.0,0.0,-0.0,0.0,-0.0,0.0,1.0,,False,False,False,r_btc
ei_creator_engweighted_topicweighted_xlag1,-0.0,0.0,0.0,-0.0,0.0,0.0,0.0,-0.0,0.0,1.0,,False,False,False,r_btc
ei_creator_topicweighted_xlag1,-0.0,0.0,0.0,-0.0,0.0,0.0,0.0,-0.0,0.0,1.0,,False,False,False,r_btc
ei_community_xlag2,0.0,0.0,0.0,0.0,0.0,0.0,0.0,0.0,0.0,1.0,,False,False,False,r_btc
ei_community_topicweighted_xlag2,0.0,0.0,0.0,0.0,0.0,0.0,0.0,0.0,0.0,1.0,,False,False,False,r_btc
ei_creator_xlag2,-0.0,0.0,0.0,0.0,0.0,-0.0,0.0,-0.0,0.0,1.0,,False,False,False,r_btc
ei_creator_engweighted_xlag2,-0.0,0.0,0.0,0.0,0.0,0.0,0.0,-0.0,0.0,1.0,,False,False,False,r_btc
ei_creator_engweighted_topicweighted_xlag2,-0.0,0.0,0.0,0.0,0.0,-0.0,0.0,0.0,0.0,1.0,,False,False,False,r_btc
ei_creator_topicweighted_xlag2,-0.0,0.0,0.0,0.0,0.0,-0.0,0.0,0.0,0.0,1.0,,False,False,False,r_btc
epi_xlag0,0.0,0.0,0.0,0.0,0.0,0.0,0.0,-0.0,0.0,1.0,,False,False,False,r_btc
epi_engweighted_xlag0,0.0,0.0,0.0,0.0,0.0,0.0,0.0,-0.0,0.0,1.0,,False,False,False,r_btc
epi_engweighted_topicweighted_xlag0,0.0,0.0,0.0,0.0,0.0,0.0,0.0,0.0,0.0,1.0,,False,False,False,r_btc
epi_signed_xlag0,-0.0,0.0,0.0,0.0,0.0,-0.0,0.0,0.0,0.0,1.0,,False,False,False,r_btc
epi_signed_engweighted_xlag0,-0.0,0.0,0.0,0.0,0.0,-0.0,0.0,0.0,0.0,1.0,,False,False,False,r_btc
epi_signed_engweighted_topicweighted_xlag0,-0.0,0.0,0.0,0.0,0.0,-0.0,0.0,-0.0,0.0,1.0,,False,False,False,r_btc
epi_signed_topicweighted_xlag0,0.0,0.0,0.0,0.0,0.0,0.0,0.0,0.0,0.0,1.0,,False,False,False,r_btc
epi_topicweighted_xlag0,-0.0,0.0,0.0,0.0,0.0,-0.0,0.0,-0.0,0.0,1.0,,False,False,False,r_btc
epi_xlag1,0.0,0.0,0.0,0.0,0.0,-0.0,0.0,-0.0,0.0,1.0,,False,False,False,r_btc
epi_engweighted_xlag1,0.0,0.0,0.0,0.0,0.0,0.0,0.0,-0.0,0.0,1.0,,False,False,False,r_btc
epi_engweighted_topicweighted_xlag1,0.0,0.0,0.0,0.0,0.0,0.0,0.0,0.0,0.0,1.0,,False,False,False,r_btc
epi_signed_xlag1,0.0,0.0,0.0,0.0,0.0,0.0,0.0,0.0,0.0,1.0,,False,False,False,r_btc
epi_signed_engweighted_xlag1,0.0,0.0,0.0,0.0,0.0,0.0,0.0,0.0,0.0,1.0,,False,False,False,r_btc
epi_signed_engweighted_topicweighted_xlag1,-0.0,0.0,0.0,-0.0,0.0,0.0,0.0,0.0,0.0,1.0,,False,False,False,r_btc
epi_signed_topicweighted_xlag1,0.0,0.0,0.0,0.0,0.0,0.0,0.0,0.0,0.0,1.0,,False,False,False,r_btc
epi_topicweighted_xlag1,-0.0,0.0,0.0,0.0,0.0,-0.0,0.0,-0.0,0.0,1.0,,False,False,False,r_btc
epi_xlag2,0.0,0.0,0.0,0.0,0.0,-0.0,0.0,0.0,0.0,1.0,,False,False,False,r_btc
epi_engweighted_xlag2,0.0,0.0,0.0,0.0,0.0,-0.0,0.0,0.0,0.0,1.0,,False,False,False,r_btc
epi_engweighted_topicweighted_xlag2,0.0,0.0,0.0,0.0,0.0,0.0,0.0,0.0,0.0,1.0,,False,False,False,r_btc
epi_signed_xlag2,0.0,0.0,0.0,0.0,0.0,0.0,0.0,0.0,0.0,1.0,,False,False,False,r_btc
epi_signed_engweighted_xlag2,0.0,0.0,0.0,0.0,0.0,0.0,0.0,0.0,0.0,1.0,,False,False,False,r_btc
epi_signed_engweighted_topicweighted_xlag2,-0.0,0.0,0.0,0.0,0.0,-0.0,0.0,0.0,0.0,1.0,,False,False,False,r_btc
epi_signed_topicweighted_xlag2,-0.0,0.0,0.0,-0.0,0.0,0.0,0.0,0.0,0.0,1.0,,False,False,False,r_btc
epi_topicweighted_xlag2,-0.0,0.0,0.0,0.0,0.0,-0.0,0.0,0.0,0.0,1.0,,False,False,False,r_btc
epi_xlag3,0.0,0.0,0.0,-0.0,0.0,0.0,0.0,0.0,0.0,1.0,,False,False,False,r_btc
epi_engweighted_xlag3,0.0,1.3565760569053501e-06,4.2920167041937005e-08,-0.0,0.0,0.0,0.0,0.0,0.0,1.0,,False,False,False,r_btc
epi_engweighted_topicweighted_xlag3,-0.0,0.0,0.0,0.0,0.0,0.0,0.0,0.0,0.0,1.0,,False,False,False,r_btc
epi_signed_xlag3,0.0,0.0,0.0,0.0,0.0,0.0,0.0,0.0,0.0,1.0,,False,False,False,r_btc
epi_signed_engweighted_xlag3,0.0,0.0,0.0,0.0,0.0,0.0,0.0,0.0,0.0,1.0,,False,False,False,r_btc
epi_signed_engweighted_topicweighted_xlag3,-0.0,0.0,0.0,-0.0,0.0,-0.0,0.0,0.0,0.0,1.0,,False,False,False,r_btc
epi_signed_topicweighted_xlag3,0.0,0.0,0.0,0.0,0.0,0.0,0.0,0.0,0.0,1.0,,False,False,False,r_btc
epi_topicweighted_xlag3,-0.0,0.0,0.0,0.0,0.0,-0.0,0.0,0.0,0.0,1.0,,False,False,False,r_btc
ccd_xlag0,-0.0,0.0,0.0,-0.0,0.0,-0.0,0.0,-0.0,0.0,1.0,,False,False,False,r_btc
ccd_engweighted_xlag0,-0.0,0.0,0.0,-0.0,0.0,-0.0,0.0,-0.0,0.0,1.0,,False,False,False,r_btc
ccd_engweighted_topicweighted_xlag0,0.0,0.0,0.0,0.0,0.0,0.0,0.0,0.0,0.0,1.0,,False,False,False,r_btc
ccd_topicweighted_xlag0,-0.0,0.0,0.0,0.0,0.0,-0.0,0.0,-0.0,0.0,1.0,,False,False,False,r_btc
ccd_xlag1,-0.0,0.0,0.0,-0.0,0.0,-0.0,0.0,-0.0,0.0,1.0,,False,False,False,r_btc
ccd_engweighted_xlag1,-0.0,0.0,0.0,-0.0,0.0,-0.0,0.0,-0.0,0.0,1.0,,False,False,False,r_btc
ccd_engweighted_topicweighted_xlag1,0.0,0.0,0.0,0.0,0.0,0.0,0.0,0.0,0.0,1.0,,False,False,False,r_btc
ccd_topicweighted_xlag1,-0.0,0.0,0.0,-0.0,0.0,-0.0,0.0,-0.0,0.0,1.0,,False,False,False,r_btc
ccd_xlag2,-0.0,0.0,0.0,0.0,0.0,-0.0,0.0,-0.0,0.0,1.0,,False,False,False,r_btc
ccd_engweighted_xlag2,-0.0,0.0,0.0,0.0,0.0,-0.0,0.0,-0.0,0.0,1.0,,False,False,False,r_btc
ccd_engweighted_topicweighted_xlag2,0.0,0.0,0.0,0.0,0.0,0.0,0.0,0.0,0.0,1.0,,False,False,False,r_btc
ccd_topicweighted_xlag2,-0.0,0.0,0.0,0.0,0.0,-0.0,0.0,0.0,0.0,1.0,,False,False,False,r_btc
ccd_xlag3,0.0,0.0,0.0,-0.0,0.0,0.0,0.0,0.0,0.0,1.0,,False,False,False,r_btc
ccd_engweighted_xlag3,0.0,0.0,0.0,-0.0,0.0,0.0,0.0,0.0,0.0,1.0,,False,False,False,r_btc
ccd_engweighted_topicweighted_xlag3,-0.0,0.0,0.0,0.0,0.0,0.0,0.0,0.0,0.0,1.0,,False,False,False,r_btc
ccd_topicweighted_xlag3,-0.0,0.0,0.0,0.0,0.0,-0.0,0.0,0.0,0.0,1.0,,False,False,False,r_btc
intensity_xlag0,0.0,0.0,0.0,0.0,0.0,0.0,0.0,0.0,0.0,1.0,,False,False,False,r_btc
intensity_engweighted_xlag0,0.0,0.0,0.0,0.0,0.0,0.0,0.0,0.0,0.0,1.0,,False,False,False,r_btc
intensity_engweighted_topicweighted_xlag0,0.0,0.0,0.0,0.0,0.0,0.0,0.0,0.0,0.0,1.0,,False,False,False,r_btc
intensity_topicweighted_xlag0,0.0,0.0,0.0,0.0,0.0,0.0,0.0,0.0,0.0,1.0,,False,False,False,r_btc
intensity_xlag1,0.0,0.0,0.0,0.0,0.0,0.0,0.0,0.0,0.0,1.0,,False,False,False,r_btc
intensity_engweighted_xlag1,0.0,0.0,0.0,0.0,0.0,0.0,0.0,0.0,0.0,1.0,,False,False,False,r_btc
intensity_engweighted_topicweighted_xlag1,0.0,0.0,0.0,0.0,0.0,0.0,0.0,0.0,0.0,1.0,,False,False,False,r_btc
intensity_topicweighted_xlag1,-0.0,0.0,0.0,0.0,0.0,0.0,0.0,0.0,0.0,1.0,,False,False,False,r_btc
intensity_xlag2,0.0,0.0,0.0,0.0,0.0,0.0,0.0,0.0,0.0,1.0,,False,False,False,r_btc
intensity_engweighted_xlag2,0.0,0.0,0.0,0.0,0.0,0.0,0.0,0.0,0.0,1.0,,False,False,False,r_btc
intensity_engweighted_topicweighted_xlag2,0.0,0.0,0.0,0.0,0.0,0.0,0.0,0.0,0.0,1.0,,False,False,False,r_btc
intensity_topicweighted_xlag2,0.0,0.0,0.0,0.0,0.0,0.0,0.0,0.0,0.0,1.0,,False,False,False,r_btc
surprise_xlag0,-0.0,0.0,0.0,-0.0,0.0,-0.0,0.0,0.0,0.0,1.0,,False,False,False,r_btc
surprise_engweighted_xlag0,-0.0,0.0,0.0,-0.0,0.0,-0.0,0.0,0.0,0.0,1.0,,False,False,False,r_btc
surprise_engweighted_topicweighted_xlag0,0.0,0.0,0.0,0.0,0.0,0.0,0.0,0.0,0.0,1.0,,False,False,False,r_btc
surprise_topicweighted_xlag0,0.0,0.0,0.0,0.0,0.0,0.0,0.0,0.0,0.0,1.0,,False,False,False,r_btc
surprise_xlag1,-0.0,0.0,0.0,-0.0,0.0,0.0,0.0,0.0,0.0,1.0,,False,False,False,r_btc
surprise_engweighted_xlag1,-0.0,0.0,0.0,-0.0,0.0,0.0,0.0,0.0,0.0,1.0,,False,False,False,r_btc
surprise_engweighted_topicweighted_xlag1,0.0,0.0,0.0,0.0,0.0,0.0,0.0,0.0,0.0,1.0,,False,False,False,r_btc
surprise_topicweighted_xlag1,0.0,0.0,0.0,0.0,0.0,0.0,0.0,0.0,0.0,1.0,,False,False,False,r_btc
surprise_xlag2,0.0,0.0,0.0,0.0,0.0,0.0,0.0,-0.0,0.0,1.0,,False,False,False,r_btc
surprise_engweighted_xlag2,0.0,0.0,0.0,0.0,0.0,0.0,0.0,-0.0,0.0,1.0,,False,False,False,r_btc
surprise_engweighted_topicweighted_xlag2,0.0,0.0,0.0,0.0,0.0,0.0,0.0,-0.0,0.0,1.0,,False,False,False,r_btc
surprise_topicweighted_xlag2,0.0,0.0,0.0,0.0,0.0,0.0,0.0,-0.0,0.0,1.0,,False,False,False,r_btc
split_xlag0,0.0,0.0,0.0,0.0,0.0,0.0,0.0,0.0,0.0,1.0,,False,False,False,r_btc
split_xlag1,0.0,0.0,0.0,0.0,0.0,0.0,0.0,0.0,0.0,1.0,,False,False,False,r_btc
split_xlag2,0.0,0.0,0.0,0.0,0.0,0.0,0.0,0.0,0.0,1.0,,False,False,False,r_btc
split_xlag3,0.0,0.0,0.0,0.0,0.0,0.0,0.0,0.0,0.0,1.0,,False,False,False,r_btc
r_btc_lag1,0.0,0.0,0.0,0.0,0.0,0.0,0.0,0.0,0.0,1.0,,False,False,False,r_gold
r_gold_lag1,0.0,0.0,0.0,0.0,0.0,0.0,0.0,0.0,0.0,1.0,,False,False,False,r_gold
r_spx_lag1,0.0,0.0,0.0,0.0,0.0,0.0,0.0,0.0,0.0,1.0,,False,False,False,r_gold
r_spx_auto_lag1,0.0,0.0,0.0,0.0,0.0,0.0,0.0,0.0,0.0,1.0,,False,False,False,r_gold
r_spx_oilgas_lag1,0.0,0.0,0.0,0.0,0.0,0.0,0.0,0.0,0.0,1.0,,False,False,False,r_gold
r_spx_mach_lag1,0.0,0.0,0.0,0.0,0.0,0.0,0.0,0.0,0.0,1.0,,False,False,False,r_gold
r_spx_elec_lag1,0.0,0.0,0.0,0.0,0.0,0.0,0.0,0.0,0.0,1.0,,False,False,False,r_gold
r_aapl_lag1,0.0,0.0,0.0,0.0,0.0,0.0,0.0,0.0,0.0,1.0,,False,False,False,r_gold
r_btc_lag2,0.0,0.0,0.0,0.0,0.0,0.0,0.0,0.0,0.0,1.0,,False,False,False,r_gold
r_gold_lag2,0.0,0.0,0.0,0.0,0.0,0.0,0.0,0.0,0.0,1.0,,False,False,False,r_gold
r_spx_lag2,0.0,0.0,0.0,0.0,0.0,0.0,0.0,0.0,0.0,1.0,,False,False,False,r_gold
r_spx_auto_lag2,0.0,0.0,0.0,0.0,0.0,0.0,0.0,-0.0,0.0,1.0,,False,False,False,r_gold
r_spx_oilgas_lag2,0.0,0.0,0.0,0.0,0.0,0.0,0.0,0.0,0.0,1.0,,False,False,False,r_gold
r_spx_mach_lag2,0.0,0.0,0.0,0.0,0.0,0.0,0.0,0.0,0.0,1.0,,False,False,False,r_gold
r_spx_elec_lag2,0.0,0.0,0.0,0.0,0.0,0.0,0.0,0.0,0.0,1.0,,False,False,False,r_gold
r_aapl_lag2,0.0,0.0,0.0,0.0,0.0,0.0,0.0,0.0,0.0,1.0,,False,False,False,r_gold
dln_eurusd_xlag0,0.0,0.0,0.0,0.0,0.0,0.0,0.0,0.0,0.0,1.0,,False,False,False,r_gold
dln_usdcny_xlag0,0.0,0.0,0.0,0.0,0.0,0.0,0.0,0.0,0.0,1.0,,False,False,False,r_gold
dln_oil_xlag0,-0.0,0.0,0.0,-0.0,0.0,0.0,0.0,0.0,0.0,1.0,,False,False,False,r_gold
dy10_xlag0,0.0,0.0,0.0,0.0,0.0,0.0,0.0,0.0,0.0,1.0,,False,False,False,r_gold
dln_eurusd_xlag1,0.0,0.0,0.0,-0.0,0.0,0.0,0.0,0.0,0.0,1.0,,False,False,False,r_gold
dln_usdcny_xlag1,0.0,0.0,0.0,0.0,0.0,0.0,0.0,0.0,0.0,1.0,,False,False,False,r_gold
dln_oil_xlag1,-0.0,0.0,0.0,0.0,0.0,0.0,0.0,0.0,0.0,1.0,,False,False,False,r_gold
dy10_xlag1,0.0,0.0,0.0,0.0,0.0,0.0,0.0,0.0,0.0,1.0,,False,False,False,r_gold
ei_community_xlag0,-0.0,0.0,0.0,-0.0,0.0,-0.0,0.0,-0.0,0.0,1.0,,False,False,False,r_gold
ei_community_topicweighted_xlag0,-0.0,0.0,0.0,-0.0,0.0,-0.0,0.0,-0.0,0.0,1.0,,False,False,False,r_gold
ei_creator_xlag0,0.0,0.0,0.0,0.0,0.0,0.0,0.0,0.0,0.0,1.0,,False,False,False,r_gold
ei_creator_engweighted_xlag0,0.0,0.0,0.0,0.0,0.0,0.0,0.0,0.0,0.0,1.0,,False,False,False,r_gold
ei_creator_engweighted_topicweighted_xlag0,0.0,0.0,0.0,0.0,0.0,0.0,0.0,0.0,0.0,1.0,,False,False,False,r_gold
ei_creator_topicweighted_xlag0,0.0,0.0,0.0,0.0,0.0,0.0,0.0,0.0,0.0,1.0,,False,False,False,r_gold
ei_community_xlag1,-0.0,0.0,0.0,-0.0,0.0,-0.0,0.0,-0.0,0.0,1.0,,False,False,False,r_gold
ei_community_topicweighted_xlag1,-0.0,0.0,0.0,-0.0,0.0,-0.0,0.0,-0.0,0.0,1.0,,False,False,False,r_gold
ei_creator_xlag1,0.0,0.0,0.0,-0.0,0.0,0.0,0.0,0.0,0.0,1.0,,False,False,False,r_gold
ei_creator_engweighted_xlag1,0.0,0.0,0.0,-0.0,0.0,0.0,0.0,0.0,0.0,1.0,,False,False,False,r_gold
ei_creator_engweighted_topicweighted_xlag1,0.0,0.0,0.0,-0.0,0.0,0.0,0.0,0.0,0.0,1.0,,False,False,False,r_gold
ei_creator_topicweighted_xlag1,0.0,0.0,0.0,-0.0,0.0,0.0,0.0,0.0,0.0,1.0,,False,False,False,r_gold
ei_community_xlag2,-0.0,0.0,0.0,-0.0,0.0,-0.0,0.0,-0.0,0.0,1.0,,False,False,False,r_gold
ei_community_topicweighted_xlag2,-0.0,0.0,0.0,-0.0,0.0,-0.0,0.0,-0.0,0.0,1.0,,False,False,False,r_gold
ei_creator_xlag2,-0.0,0.0,0.0,-0.0,0.0,0.0,0.0,0.0,0.0,1.0,,False,False,False,r_gold
ei_creator_engweighted_xlag2,-0.0,0.0,0.0,-0.0,0.0,0.0,0.0,0.0,0.0,1.0,,False,False,False,r_gold
ei_creator_engweighted_topicweighted_xlag2,-0.0,0.0,0.0,0.0,0.0,0.0,0.0,-0.0,0.0,1.0,,False,False,False,r_gold
ei_creator_topicweighted_xlag2,-0.0,0.0,0.0,0.0,0.0,0.0,0.0,-0.0,0.0,1.0,,False,False,False,r_gold
epi_xlag0,0.0,0.0,0.0,0.0,0.0,0.0,0.0,0.0,0.0,1.0,,False,False,False,r_gold
epi_engweighted_xlag0,0.0,0.0,0.0,0.0,0.0,0.0,0.0,0.0,0.0,1.0,,False,False,False,r_gold
epi_engweighted_topicweighted_xlag0,0.0,0.0,0.0,0.0,0.0,0.0,0.0,0.0,0.0,1.0,,False,False,False,r_gold
epi_signed_xlag0,-0.0,0.0,0.0,0.0,0.0,-0.0,0.0,-0.0,0.0,1.0,,False,False,False,r_gold
epi_signed_engweighted_xlag0,-0.0,0.0,0.0,0.0,0.0,-0.0,0.0,-0.0,0.0,1.0,,False,False,False,r_gold
epi_signed_engweighted_topicweighted_xlag0,0.0,0.0,0.0,0.0,0.0,0.0,0.0,0.0,0.0,1.0,,False,False,False,r_gold
epi_signed_topicweighted_xlag0,-0.0,0.0,0.0,-0.0,0.0,-0.0,0.0,-0.0,0.0,1.0,,False,False,False,r_gold
epi_topicweighted_xlag0,0.0,0.0,0.0,0.0,0.0,0.0,0.0,0.0,0.0,1.0,,False,False,False,r_gold
epi_xlag1,0.0,0.0,0.0,0.0,0.0,0.0,0.0,0.0,0.0,1.0,,False,False,False,r_gold
epi_engweighted_xlag1,0.0,0.0,0.0,0.0,0.0,0.0,0.0,0.0,0.0,1.0,,False,False,False,r_gold
epi_engweighted_topicweighted_xlag1,-0.0,0.0,0.0,0.0,0.0,-0.0,0.0,-0.0,0.0,1.0,,False,False,False,r_gold
epi_signed_xlag1,-0.0,0.0,0.0,-0.0,0.0,0.0,0.0,-0.0,0.0,1.0,,False,False,False,r_gold
epi_signed_engweighted_xlag1,-0.0,0.0,0.0,-0.0,0.0,0.0,0.0,0.0,0.0,1.0,,False,False,False,r_gold
epi_signed_engweighted_topicweighted_xlag1,-0.0,0.0,0.0,-0.0,0.0,0.0,0.0,0.0,0.0,1.0,,False,False,False,r_gold
epi_signed_topicweighted_xlag1,-0.0,0.0,0.0,-0.0,0.0,-0.0,0.0,-0.0,0.0,1.0,,False,False,False,r_gold
epi_topicweighted_xlag1,0.0,0.0,0.0,0.0,0.0,-0.0,0.0,0.0,0.0,1.0,,False,False,False,r_gold
epi_xlag2,-0.0,0.0,0.0,-0.0,0.0,-0.0,0.0,0.0,0.0,1.0,,False,False,False,r_gold
epi_engweighted_xlag2,-0.0,0.0,0.0,-0.0,0.0,-0.0,0.0,0.0,0.0,1.0,,False,False,False,r_gold
epi_engweighted_topicweighted_xlag2,-0.0,0.0,0.0,-0.0,0.0,-0.0,0.0,-0.0,0.0,1.0,,False,False,False,r_gold
epi_signed_xlag2,-0.0,0.0,0.0,-0.0,0.0,-0.0,0.0,0.0,0.0,1.0,,False,False,False,r_gold
epi_signed_engweighted_xlag2,-0.0,0.0,0.0,-0.0,0.0,-0.0,0.0,0.0,0.0,1.0,,False,False,False,r_gold
epi_signed_engweighted_topicweighted_xlag2,0.0,0.0,0.0,0.0,0.0,0.0,0.0,0.0,0.0,1.0,,False,False,False,r_gold
epi_signed_topicweighted_xlag2,-0.0,0.0,0.0,-0.0,0.0,-0.0,0.0,-0.0,0.0,1.0,,False,False,False,r_gold
epi_topicweighted_xlag2,-0.0,0.0,0.0,-0.0,0.0,-0.0,0.0,0.0,0.0,1.0,,False,False,False,r_gold
epi_xlag3,-0.0,0.0,0.0,-0.0,0.0,-0.0,0.0,0.0,0.0,1.0,,False,False,False,r_gold
epi_engweighted_xlag3,-0.0,0.0,0.0,-0.0,0.0,-0.0,0.0,0.0,0.0,1.0,,False,False,False,r_gold
epi_engweighted_topicweighted_xlag3,-0.0,0.0,0.0,-0.0,0.0,0.0,0.0,-0.0,0.0,1.0,,False,False,False,r_gold
epi_signed_xlag3,0.0,0.0,0.0,0.0,0.0,0.0,0.0,0.0,0.0,1.0,,False,False,False,r_gold
epi_signed_engweighted_xlag3,0.0,0.0,0.0,0.0,0.0,0.0,0.0,0.0,0.0,1.0,,False,False,False,r_gold
epi_signed_engweighted_topicweighted_xlag3,0.0,0.0,0.0,0.0,0.0,0.0,0.0,0.0,0.0,1.0,,False,False,False,r_gold
epi_signed_topicweighted_xlag3,0.0,0.0,0.0,0.0,0.0,0.0,0.0,-0.0,0.0,1.0,,False,False,False,r_gold
epi_topicweighted_xlag3,0.0,0.0,0.0,0.0,0.0,0.0,0.0,0.0,0.0,1.0,,False,False,False,r_gold
ccd_xlag0,0.0,0.0,0.0,0.0,0.0,0.0,0.0,0.0,0.0,1.0,,False,False,False,r_gold
ccd_engweighted_xlag0,0.0,0.0,0.0,0.0,0.0,0.0,0.0,0.0,0.0,1.0,,False,False,False,r_gold
ccd_engweighted_topicweighted_xlag0,-0.0,0.0,0.0,-0.0,0.0,0.0,0.0,0.0,0.0,1.0,,False,False,False,r_gold
ccd_topicweighted_xlag0,0.0,0.0,0.0,0.0,0.0,0.0,0.0,0.0,0.0,1.0,,False,False,False,r_gold
ccd_xlag1,0.0,0.0,0.0,0.0,0.0,0.0,0.0,0.0,0.0,1.0,,False,False,False,r_gold
ccd_engweighted_xlag1,0.0,0.0,0.0,0.0,0.0,0.0,0.0,0.0,0.0,1.0,,False,False,False,r_gold
ccd_engweighted_topicweighted_xlag1,-0.0,0.0,0.0,0.0,0.0,-0.0,0.0,-0.0,0.0,1.0,,False,False,False,r_gold
ccd_topicweighted_xlag1,0.0,0.0,0.0,0.0,0.0,0.0,0.0,0.0,0.0,1.0,,False,False,False,r_gold
ccd_xlag2,-0.0,0.0,0.0,-0.0,0.0,-0.0,0.0,0.0,0.0,1.0,,False,False,False,r_gold
ccd_engweighted_xlag2,-0.0,0.0,0.0,-0.0,0.0,-0.0,0.0,0.0,0.0,1.0,,False,False,False,r_gold
ccd_engweighted_topicweighted_xlag2,-0.0,0.0,0.0,-0.0,0.0,-0.0,0.0,-0.0,0.0,1.0,,False,False,False,r_gold
ccd_topicweighted_xlag2,0.0,0.0,0.0,0.0,0.0,-0.0,0.0,0.0,0.0,1.0,,False,False,False,r_gold
ccd_xlag3,0.0,0.0,0.0,-0.0,0.0,0.0,0.0,-0.0,0.0,1.0,,False,False,False,r_gold
ccd_engweighted_xlag3,0.0,0.0,0.0,-0.0,0.0,0.0,0.0,-0.0,0.0,1.0,,False,False,False,r_gold
ccd_engweighted_topicweighted_xlag3,-0.0,0.0,0.0,-0.0,0.0,0.0,0.0,-0.0,0.0,1.0,,False,False,False,r_gold
ccd_topicweighted_xlag3,0.0,0.0,0.0,0.0,0.0,0.0,0.0,0.0,0.0,1.0,,False,False,False,r_gold
intensity_xlag0,0.0,0.0,0.0,0.0,0.0,0.0,0.0,0.0,0.0,1.0,,False,False,False,r_gold
intensity_engweighted_xlag0,0.0,0.0,0.0,0.0,0.0,0.0,0.0,0.0,0.0,1.0,,False,False,False,r_gold
intensity_engweighted_topicweighted_xlag0,-0.0,0.0,0.0,-0.0,0.0,0.0,0.0,0.0,0.0,1.0,,False,False,False,r_gold
intensity_topicweighted_xlag0,0.0,0.0,0.0,0.0,0.0,0.0,0.0,0.0,0.0,1.0,,False,False,False,r_gold
intensity_xlag1,0.0,0.0,0.0,0.0,0.0,0.0,0.0,0.0,0.0,1.0,,False,False,False,r_gold
intensity_engweighted_xlag1,0.0,0.0,0.0,0.0,0.0,-0.0,0.0,0.0,0.0,1.0,,False,False,False,r_gold
intensity_engweighted_topicweighted_xlag1,-0.0,0.0,0.0,0.0,0.0,-0.0,0.0,-0.0,0.0,1.0,,False,False,False,r_gold
intensity_topicweighted_xlag1,-0.0,0.0,0.0,0.0,0.0,-0.0,0.0,0.0,0.0,1.0,,False,False,False,r_gold
intensity_xlag2,0.0,0.0,0.0,0.0,0.0,0.0,0.0,0.0,0.0,1.0,,False,False,False,r_gold
intensity_engweighted_xlag2,-0.0,0.0,0.0,0.0,0.0,0.0,0.0,-0.0,0.0,1.0,,False,False,False,r_gold
intensity_engweighted_topicweighted_xlag2,-0.0,0.0,0.0,-0.0,0.0,-0.0,0.0,-0.0,0.0,1.0,,False,False,False,r_gold
intensity_topicweighted_xlag2,-0.0,0.0,0.0,0.0,0.0,-0.0,0.0,0.0,0.0,1.0,,False,False,False,r_gold
surprise_xlag0,0.0,0.0,0.0,0.0,0.0,0.0,0.0,0.0,0.0,1.0,,False,False,False,r_gold
surprise_engweighted_xlag0,0.0,0.0,0.0,0.0,0.0,0.0,0.0,0.0,0.0,1.0,,False,False,False,r_gold
surprise_engweighted_topicweighted_xlag0,0.0,0.0,0.0,0.0,0.0,0.0,0.0,0.0,0.0,1.0,,False,False,False,r_gold
surprise_topicweighted_xlag0,0.0,0.0,0.0,0.0,0.0,0.0,0.0,0.0,0.0,1.0,,False,False,False,r_gold
surprise_xlag1,0.0,0.0,0.0,0.0,0.0,0.0,0.0,0.0,0.0,1.0,,False,False,False,r_gold
surprise_engweighted_xlag1,0.0,0.0,0.0,0.0,0.0,0.0,0.0,0.0,0.0,1.0,,False,False,False,r_gold
surprise_engweighted_topicweighted_xlag1,0.0,0.0,0.0,0.0,0.0,0.0,0.0,0.0,0.0,1.0,,False,False,False,r_gold
surprise_topicweighted_xlag1,0.0,0.0,0.0,0.0,0.0,0.0,0.0,0.0,0.0,1.0,,False,False,False,r_gold
surprise_xlag2,0.0,0.0,0.0,-0.0,0.0,0.0,0.0,-0.0,0.0,1.0,,False,False,False,r_gold
surprise_engweighted_xlag2,0.0,0.0,0.0,-0.0,0.0,0.0,0.0,-0.0,0.0,1.0,,False,False,False,r_gold
surprise_engweighted_topicweighted_xlag2,0.0,0.0,0.0,0.0,0.0,0.0,0.0,-0.0,0.0,1.0,,False,False,False,r_gold
surprise_topicweighted_xlag2,0.0,0.0,0.0,0.0,0.0,0.0,0.0,-0.0,0.0,1.0,,False,False,False,r_gold
split_xlag0,-0.0,0.0,0.0,-0.0,0.0,-0.0,0.0,-0.0,0.0,1.0,,False,False,False,r_gold
split_xlag1,-0.0,0.0,0.0,-0.0,0.0,-0.0,0.0,-0.0,0.0,1.0,,False,False,False,r_gold
split_xlag2,-0.0,0.0,0.0,-0.0,0.0,-0.0,0.0,-0.0,0.0,1.0,,False,False,False,r_gold
split_xlag3,-0.0,0.0,0.0,-0.0,0.0,-0.0,0.0,-0.0,0.0,1.0,,False,False,False,r_gold
r_btc_lag1,0.0,0.0,0.0,0.0,0.0,0.0,0.0,0.0,0.0,1.0,,False,False,False,r_spx
r_gold_lag1,0.0,0.0,0.0,0.0,0.0,0.0,0.0,0.0,0.0,1.0,,False,False,False,r_spx
r_spx_lag1,0.0,0.0,0.0,0.0,0.0,0.0,0.0,0.0,0.0,1.0,,False,False,False,r_spx
r_spx_auto_lag1,0.0,0.0,0.0,0.0,0.0,0.0,0.0,0.0,0.0,1.0,,False,False,False,r_spx
r_spx_oilgas_lag1,0.0,0.0,0.0,0.0,0.0,0.0,0.0,0.0,0.0,1.0,,False,False,False,r_spx
r_spx_mach_lag1,0.0,0.0,0.0,0.0,0.0,0.0,0.0,0.0,0.0,1.0,,False,False,False,r_spx
r_spx_elec_lag1,0.0,0.0,0.0,0.0,0.0,0.0,0.0,0.0,0.0,1.0,,False,False,False,r_spx
r_aapl_lag1,0.0,0.0,0.0,0.0,0.0,0.0,0.0,0.0,0.0,1.0,,False,False,False,r_spx
r_btc_lag2,0.0,0.0,0.0,0.0,0.0,0.0,0.0,0.0,0.0,1.0,,False,False,False,r_spx
r_gold_lag2,0.0,0.0,0.0,0.0,0.0,0.0,0.0,0.0,0.0,1.0,,False,False,False,r_spx
r_spx_lag2,0.0,0.0,0.0,0.0,0.0,-0.0,0.0,-0.0,0.0,1.0,,False,False,False,r_spx
r_spx_auto_lag2,0.0,0.0,0.0,0.0,0.0,0.0,0.0,0.0,0.0,1.0,,False,False,False,r_spx
r_spx_oilgas_lag2,0.0,0.0,0.0,0.0,0.0,0.0,0.0,0.0,0.0,1.0,,False,False,False,r_spx
r_spx_mach_lag2,0.0,0.0,0.0,0.0,0.0,0.0,0.0,0.0,0.0,1.0,,False,False,False,r_spx
r_spx_elec_lag2,0.0,0.0,0.0,0.0,0.0,0.0,0.0,0.0,0.0,1.0,,False,False,False,r_spx
r_aapl_lag2,0.0,0.0,0.0,0.0,0.0,0.0,0.0,0.0,0.0,1.0,,False,False,False,r_spx
dln_eurusd_xlag0,-0.0,0.0,0.0,-0.0,0.0,-0.0,0.0,-0.0,0.0,1.0,,False,False,False,r_spx
dln_usdcny_xlag0,0.0,0.0,0.0,0.0,0.0,0.0,0.0,0.0,0.0,1.0,,False,False,False,r_spx
dln_oil_xlag0,-0.0,0.0,0.0,-0.0,0.0,0.0,0.0,0.0,0.0,1.0,,False,False,False,r_spx
dy10_xlag0,0.0,0.0,0.0,-0.0,0.0,0.0,0.0,0.0,0.0,1.0,,False,False,False,r_spx
dln_eurusd_xlag1,0.0,0.0,0.0,0.0,0.0,0.0,0.0,0.0,0.0,1.0,,False,False,False,r_spx
dln_usdcny_xlag1,0.0,0.0,0.0,0.0,0.0,0.0,0.0,0.0,0.0,1.0,,False,False,False,r_spx
dln_oil_xlag1,-0.0,0.0,0.0,-0.0,0.0,-0.0,0.0,-0.0,0.0,1.0,,False,False,False,r_spx
dy10_xlag1,0.0,0.0,0.0,0.0,0.0,0.0,0.0,0.0,0.0,1.0,,False,False,False,r_spx
ei_community_xlag0,0.0,0.0,0.0,-0.0,0.0,0.0,0.0,-0.0,0.0,1.0,,False,False,False,r_spx
ei_community_topicweighted_xlag0,0.0,0.0,0.0,-0.0,0.0,0.0,0.0,0.0,0.0,1.0,,False,False,False,r_spx
ei_creator_xlag0,-0.0,0.0,0.0,0.0,0.0,-0.0,0.0,-0.0,0.0,1.0,,False,False,False,r_spx
ei_creator_engweighted_xlag0,-0.0,0.0,0.0,0.0,0.0,-0.0,0.0,-0.0,0.0,1.0,,False,False,False,r_spx
ei_creator_engweighted_topicweighted_xlag0,-0.0,0.0,0.0,0.0,0.0,-0.0,0.0,0.0,0.0,1.0,,False,False,False,r_spx
ei_creator_topicweighted_xlag0,-0.0,0.0,0.0,0.0,0.0,-0.0,0.0,0.0,0.0,1.0,,False,False,False,r_spx
ei_community_xlag1,-0.0,0.0,0.0,-0.0,0.0,-0.0,0.0,0.0,0.0,1.0,,False,False,False,r_spx
ei_community_topicweighted_xlag1,-0.0,0.0,0.0,-0.0,0.0,0.0,0.0,0.0,0.0,1.0,,False,False,False,r_spx
ei_creator_xlag1,-0.0,0.0,0.0,-0.0,0.0,-0.0,0.0,0.0,0.0,1.0,,False,False,False,r_spx
ei_creator_engweighted_xlag1,-0.0,0.0,0.0,-0.0,0.0,-0.0,0.0,0.0,0.0,1.0,,False,False,False,r_spx
ei_creator_engweighted_topicweighted_xlag1,-0.0,0.0,0.0,-0.0,0.0,-0.0,0.0,0.0,0.0,1.0,,False,False,False,r_spx
ei_creator_topicweighted_xlag1,-0.0,0.0,0.0,-0.0,0.0,-0.0,0.0,0.0,0.0,1.0,,False,False,False,r_spx
ei_community_xlag2,0.0,0.0,0.0,0.0,0.0,0.0,0.0,0.0,0.0,1.0,,False,False,False,r_spx
ei_community_topicweighted_xlag2,0.0,0.0,0.0,0.0,0.0,0.0,0.0,0.0,0.0,1.0,,False,False,False,r_spx
ei_creator_xlag2,-0.0,0.0,0.0,0.0,0.0,-0.0,0.0,-0.0,0.0,1.0,,False,False,False,r_spx
ei_creator_engweighted_xlag2,-0.0,0.0,0.0,0.0,0.0,-0.0,0.0,-0.0,0.0,1.0,,False,False,False,r_spx
ei_creator_engweighted_topicweighted_xlag2,-0.0,0.0,0.0,0.0,0.0,-0.0,0.0,-0.0,0.0,1.0,,False,False,False,r_spx
ei_creator_topicweighted_xlag2,-0.0,0.0,0.0,0.0,0.0,-0.0,0.0,-0.0,0.0,1.0,,False,False,False,r_spx
epi_xlag0,0.0,0.0,0.0,0.0,0.0,0.0,0.0,0.0,0.0,1.0,,False,False,False,r_spx
epi_engweighted_xlag0,0.0,0.0,0.0,0.0,0.0,0.0,0.0,0.0,0.0,1.0,,False,False,False,r_spx
epi_engweighted_topicweighted_xlag0,0.0,0.0,0.0,0.0,0.0,0.0,0.0,0.0,0.0,1.0,,False,False,False,r_spx
epi_signed_xlag0,0.0,0.0,0.0,0.0,0.0,-0.0,0.0,-0.0,0.0,1.0,,False,False,False,r_spx
epi_signed_engweighted_xlag0,0.0,0.0,0.0,0.0,0.0,-0.0,0.0,-0.0,0.0,1.0,,False,False,False,r_spx
epi_signed_engweighted_topicweighted_xlag0,-0.0,0.0,0.0,-0.0,0.0,-0.0,0.0,-0.0,0.0,1.0,,False,False,False,r_spx
epi_signed_topicweighted_xlag0,-0.0,0.0,0.0,-0.0,0.0,-0.0,0.0,-0.0,0.0,1.0,,False,False,False,r_spx
epi_topicweighted_xlag0,0.0,0.0,0.0,0.0,0.0,0.0,0.0,0.0,0.0,1.0,,False,False,False,r_spx
epi_xlag1,-0.0,0.0,0.0,0.0,0.0,-0.0,0.0,-0.0,0.0,1.0,,False,False,False,r_spx
epi_engweighted_xlag1,-0.0,0.0,0.0,0.0,0.0,-0.0,0.0,-0.0,0.0,1.0,,False,False,False,r_spx
epi_engweighted_topicweighted_xlag1,-0.0,0.0,0.0,0.0,0.0,-0.0,0.0,-0.0,0.0,1.0,,False,False,False,r_spx
epi_signed_xlag1,-0.0,0.0,0.0,-0.0,0.0,0.0,0.0,0.0,0.0,1.0,,False,False,False,r_spx
epi_signed_engweighted_xlag1,-0.0,0.0,0.0,-0.0,0.0,0.0,0.0,0.0,0.0,1.0,,False,False,False,r_spx
epi_signed_engweighted_topicweighted_xlag1,-0.0,0.0,0.0,-0.0,0.0,0.0,0.0,0.0,0.0,1.0,,False,False,False,r_spx
epi_signed_topicweighted_xlag1,0.0,0.0,0.0,0.0,0.0,0.0,0.0,-0.0,0.0,1.0,,False,False,False,r_spx
epi_topicweighted_xlag1,-0.0,0.0,0.0,0.0,0.0,-0.0,0.0,0.0,0.0,1.0,,False,False,False,r_spx
epi_xlag2,-0.0,0.0,0.0,0.0,0.0,-0.0,0.0,0.0,0.0,1.0,,False,False,False,r_spx
epi_engweighted_xlag2,-0.0,0.0,0.0,0.0,0.0,-0.0,0.0,0.0,0.0,1.0,,False,False,False,r_spx
epi_engweighted_topicweighted_xlag2,-0.0,0.0,0.0,-0.0,0.0,-0.0,0.0,0.0,0.0,1.0,,False,False,False,r_spx
epi_signed_xlag2,0.0,0.0,0.0,0.0,0.0,0.0,0.0,0.0,0.0,1.0,,False,False,False,r_spx
epi_signed_engweighted_xlag2,0.0,0.0,0.0,0.0,0.0,0.0,0.0,0.0,0.0,1.0,,False,False,False,r_spx
epi_signed_engweighted_topicweighted_xlag2,-0.0,0.0,0.0,0.0,0.0,-0.0,0.0,-0.0,0.0,1.0,,False,False,False,r_spx
epi_signed_topicweighted_xlag2,-0.0,0.0,0.0,-0.0,0.0,0.0,0.0,0.0,0.0,1.0,,False,False,False,r_spx
epi_topicweighted_xlag2,-0.0,0.0,0.0,-0.0,0.0,-0.0,0.0,-0.0,0.0,1.0,,False,False,False,r_spx
epi_xlag3,0.0,0.0,0.0,-0.0,0.0,0.0,0.0,0.0,0.0,1.0,,False,False,False,r_spx
epi_engweighted_xlag3,0.0,0.0,0.0,-0.0,0.0,0.0,0.0,0.0,0.0,1.0,,False,False,False,r_spx
epi_engweighted_topicweighted_xlag3,-0.0,0.0,0.0,-0.0,0.0,0.0,0.0,-0.0,0.0,1.0,,False,False,False,r_spx
epi_signed_xlag3,0.0,0.00010898428749550738,1.1243560169123427e-05,0.0,0.0007747715969961424,0.0,0.0,0.0,0.0,1.0,,False,False,False,r_spx
epi_signed_engweighted_xlag3,0.0,7.22455021562957e-05,6.531402914145203e-06,0.0,0.0005137722920032093,0.0,0.0,0.0,0.0,1.0,,False,False,False,r_spx
epi_signed_engweighted_topicweighted_xlag3,0.0,0.0,0.0,0.0,0.0,0.0,0.0,0.0,0.0,1.0,,False,False,False,r_spx
epi_signed_topicweighted_xlag3,0.0,0.0,0.0,0.0,0.0,0.0,0.0,0.0,0.0,1.0,,False,False,False,r_spx
epi_topicweighted_xlag3,-0.0,0.0,0.0,0.0,0.0,0.0,0.0,0.0,0.0,1.0,,False,False,False,r_spx
ccd_xlag0,0.0,0.0,0.0,0.0,0.0,0.0,0.0,0.0,0.0,1.0,,False,False,False,r_spx
ccd_engweighted_xlag0,0.0,0.0,0.0,0.0,0.0,0.0,0.0,0.0,0.0,1.0,,False,False,False,r_spx
ccd_engweighted_topicweighted_xlag0,0.0,0.0,0.0,0.0,0.0,0.0,0.0,0.0,0.0,1.0,,False,False,False,r_spx
ccd_topicweighted_xlag0,0.0,0.0,0.0,0.0,0.0,0.0,0.0,0.0,0.0,1.0,,False,False,False,r_spx
ccd_xlag1,-0.0,0.0,0.0,0.0,0.0,-0.0,0.0,-0.0,0.0,1.0,,False,False,False,r_spx
ccd_engweighted_xlag1,-0.0,0.0,0.0,0.0,0.0,-0.0,0.0,0.0,0.0,1.0,,False,False,False,r_spx
ccd_engweighted_topicweighted_xlag1,-0.0,0.0,0.0,0.0,0.0,-0.0,0.0,-0.0,0.0,1.0,,False,False,False,r_spx
ccd_topicweighted_xlag1,-0.0,0.0,0.0,0.0,0.0,-0.0,0.0,0.0,0.0,1.0,,False,False,False,r_spx
ccd_xlag2,-0.0,0.0,0.0,-0.0,0.0,-0.0,0.0,-0.0,0.0,1.0,,False,False,False,r_spx
ccd_engweighted_xlag2,-0.0,0.0,0.0,-0.0,0.0,-0.0,0.0,-0.0,0.0,1.0,,False,False,False,r_spx
ccd_engweighted_topicweighted_xlag2,-0.0,0.0,0.0,-0.0,0.0,-0.0,0.0,0.0,0.0,1.0,,False,False,False,r_spx
ccd_topicweighted_xlag2,-0.0,0.0,0.0,0.0,0.0,-0.0,0.0,-0.0,0.0,1.0,,False,False,False,r_spx
ccd_xlag3,0.0,0.0,0.0,-0.0,0.0,0.0,0.0,0.0,0.0,1.0,,False,False,False,r_spx
ccd_engweighted_xlag3,0.0,0.0,0.0,-0.0,0.0,0.0,0.0,0.0,0.0,1.0,,False,False,False,r_spx
ccd_engweighted_topicweighted_xlag3,-0.0,0.0,0.0,0.0,0.0,0.0,0.0,-0.0,0.0,1.0,,False,False,False,r_spx
ccd_topicweighted_xlag3,0.0,0.0,0.0,0.0,0.0,0.0,0.0,0.0,0.0,1.0,,False,False,False,r_spx
intensity_xlag0,0.0,0.0,0.0,0.0,0.0,0.0,0.0,0.0,0.0,1.0,,False,False,False,r_spx
intensity_engweighted_xlag0,0.0,0.0,0.0,0.0,0.0,0.0,0.0,0.0,0.0,1.0,,False,False,False,r_spx
intensity_engweighted_topicweighted_xlag0,0.0,0.0,0.0,0.0,0.0,0.0,0.0,0.0,0.0,1.0,,False,False,False,r_spx
intensity_topicweighted_xlag0,0.0,0.0,0.0,0.0,0.0,0.0,0.0,0.0,0.0,1.0,,False,False,False,r_spx
intensity_xlag1,0.0,0.0,0.0,0.0,0.0,-0.0,0.0,-0.0,0.0,1.0,,False,False,False,r_spx
intensity_engweighted_xlag1,0.0,0.0,0.0,0.0,0.0,-0.0,0.0,-0.0,0.0,1.0,,False,False,False,r_spx
intensity_engweighted_topicweighted_xlag1,-0.0,0.0,0.0,0.0,0.0,-0.0,0.0,-0.0,0.0,1.0,,False,False,False,r_spx
intensity_topicweighted_xlag1,-0.0,0.0,0.0,0.0,0.0,-0.0,0.0,-0.0,0.0,1.0,,False,False,False,r_spx
intensity_xlag2,0.0,0.0,0.0,0.0,0.0,0.0,0.0,0.0,0.0,1.0,,False,False,False,r_spx
intensity_engweighted_xlag2,-0.0,0.0,0.0,0.0,0.0,0.0,0.0,0.0,0.0,1.0,,False,False,False,r_spx
intensity_engweighted_topicweighted_xlag2,-0.0,0.0,0.0,-0.0,0.0,-0.0,0.0,0.0,0.0,1.0,,False,False,False,r_spx
intensity_topicweighted_xlag2,-0.0,0.0,0.0,-0.0,0.0,-0.0,0.0,0.0,0.0,1.0,,False,False,False,r_spx
surprise_xlag0,0.0,1.4900625906582061e-05,7.687075463264456e-07,0.0,0.0,0.0,0.0,0.0,0.0,1.0,,False,False,False,r_spx
surprise_engweighted_xlag0,0.0,0.0,0.0,0.0,0.0,0.0,0.0,0.0,0.0,1.0,,False,False,False,r_spx
surprise_engweighted_topicweighted_xlag0,0.0,4.010421238074329e-05,1.970353970893687e-06,0.0,0.0,0.0,0.0,0.0,0.0,1.0,,False,False,False,r_spx
surprise_topicweighted_xlag0,0.0,9.893808876535995e-05,8.44885229595298e-06,0.0,0.0007214090168560397,0.0,0.0,0.0,0.0,1.0,,False,False,False,r_spx
surprise_xlag1,0.0,0.0,0.0,0.0,0.0,0.0,0.0,0.0,0.0,1.0,,False,False,False,r_spx
surprise_engweighted_xlag1,0.0,0.0,0.0,0.0,0.0,0.0,0.0,0.0,0.0,1.0,,False,False,False,r_spx
surprise_engweighted_topicweighted_xlag1,0.0,0.0,0.0,0.0,0.0,0.0,0.0,0.0,0.0,1.0,,False,False,False,r_spx
surprise_topicweighted_xlag1,0.0,0.0,0.0,0.0,0.0,0.0,0.0,0.0,0.0,1.0,,False,False,False,r_spx
surprise_xlag2,0.0,0.0,0.0,0.0,0.0,0.0,0.0,-0.0,0.0,1.0,,False,False,False,r_spx
surprise_engweighted_xlag2,0.0,0.0,0.0,0.0,0.0,0.0,0.0,-0.0,0.0,1.0,,False,False,False,r_spx
surprise_engweighted_topicweighted_xlag2,0.0,0.0,0.0,0.0,0.0,0.0,0.0,-0.0,0.0,1.0,,False,False,False,r_spx
surprise_topicweighted_xlag2,0.0,0.0,0.0,0.0,0.0,0.0,0.0,0.0,0.0,1.0,,False,False,False,r_spx
split_xlag0,0.0,0.0,0.0,0.0,0.0,0.0,0.0,0.0,0.0,1.0,,False,False,False,r_spx
split_xlag1,0.0,0.0,0.0,-0.0,0.0,0.0,0.0,0.0,0.0,1.0,,False,False,False,r_spx
split_xlag2,0.0,0.0,0.0,0.0,0.0,0.0,0.0,0.0,0.0,1.0,,False,False,False,r_spx
split_xlag3,0.0,0.0,0.0,-0.0,0.0,0.0,0.0,0.0,0.0,1.0,,False,False,False,r_spx
r_btc_lag1,0.0,3.4565571893951966e-05,1.0936062980300788e-06,0.0,0.0,0.0,0.0,0.0,0.0,1.0,,False,False,False,r_spx_auto
r_gold_lag1,-0.0,0.0,0.0,0.0,0.0,0.0,0.0,-0.0,0.0,1.0,,False,False,False,r_spx_auto
r_spx_lag1,0.0,0.0,0.0,0.0,0.0,0.0,0.0,0.0,0.0,1.0,,False,False,False,r_spx_auto
r_spx_auto_lag1,0.0,0.0,0.0,0.0,0.0,0.0,0.0,0.0,0.0,1.0,,False,False,False,r_spx_auto
r_spx_oilgas_lag1,0.0,0.00020061671112599162,2.3899818360027407e-05,0.0,0.001230913607731911,0.0,1.2669834404087484e-07,0.0,0.0,1.0,,False,False,False,r_spx_auto
r_spx_mach_lag1,0.0,0.0004878330458470308,0.00012210286128758915,0.0,0.0032150381638593717,0.0,0.0019306992804505871,0.0,0.0009423444358210159,1.0,,False,False,False,r_spx_auto
r_spx_elec_lag1,0.0,1.462920953407648e-05,6.818908362401388e-07,0.0,0.0,0.0,0.0,0.0,0.0,1.0,,False,False,False,r_spx_auto
r_aapl_lag1,0.0,0.0001771147218122891,1.6476692517432765e-05,0.0,0.001063471458267201,0.0,0.0,0.0,0.0,1.0,,False,False,False,r_spx_auto
r_btc_lag2,0.0,6.187660278988748e-05,4.0313370300235675e-06,0.0,0.00011152492708146016,0.0,0.0,0.0,0.0,1.0,,False,False,False,r_spx_auto
r_gold_lag2,0.0,0.0,0.0,-0.0,0.0,0.0,0.0,0.0,0.0,1.0,,False,False,False,r_spx_auto
r_spx_lag2,-0.0,0.0,0.0,0.0,0.0,0.0,0.0,0.0,0.0,1.0,,False,False,False,r_spx_auto
r_spx_auto_lag2,0.0,3.6353415782719454e-05,1.1501711754361086e-06,0.0,0.0,0.0,0.0,0.0,0.0,1.0,,False,False,False,r_spx_auto
r_spx_oilgas_lag2,-0.0,0.0,0.0,0.0,0.0,0.0,0.0,-0.0,0.0,1.0,,False,False,False,r_spx_auto
r_spx_mach_lag2,-0.0,0.0,0.0,-0.0,0.0,0.0,0.0,0.0,0.0,1.0,,False,False,False,r_spx_auto
r_spx_elec_lag2,0.0,0.00011725273333414788,6.4505428294458076e-06,0.0,1.4488714415217126e-06,0.0,0.0,0.0,0.0,1.0,,False,False,False,r_spx_auto
r_aapl_lag2,-0.0,0.0,0.0,-0.0,0.0,0.0,0.0,0.0,0.0,1.0,,False,False,False,r_spx_auto
dln_eurusd_xlag0,-0.0,0.0,0.0,0.0,0.0,-0.0,0.0,-0.0,0.0,1.0,,False,False,False,r_spx_auto
dln_usdcny_xlag0,0.0,6.760699775800621e-05,3.446288397560902e-06,0.0,0.0,0.0,0.0,0.0,0.0,1.0,,False,False,False,r_spx_auto
dln_oil_xlag0,-0.0,8.764313885557863e-05,-4.92783690648203e-06,-0.00017595667156202063,0.0,0.0,0.0,0.0,0.0,1.0,,False,False,False,r_spx_auto
dy10_xlag0,-0.0,0.00015230804794822344,-5.937437372971901e-06,-0.0,0.0,0.0,0.0,0.0,0.0,1.0,,False,False,False,r_spx_auto
dln_eurusd_xlag1,0.0,0.0,0.0,0.0,0.0,0.0,0.0,0.0,0.0,1.0,,False,False,False,r_spx_auto
dln_usdcny_xlag1,0.0,0.0001524662358939378,1.731998459669424e-05,0.0,0.0011435695174555006,0.0,0.0,0.0,0.0,1.0,,False,False,False,r_spx_auto
dln_oil_xlag1,-0.0,0.0,0.0,0.0,0.0,0.0,0.0,-0.0,0.0,1.0,,False,False,False,r_spx_auto
dy10_xlag1,0.0,6.393596196069336e-05,4.895778577956775e-06,0.0,0.0004075496576775422,0.0,0.0,0.0,0.0,1.0,,False,False,False,r_spx_auto
ei_community_xlag0,0.0,0.0,0.0,-0.0,0.0,0.0,0.0,0.0,0.0,1.0,,False,False,False,r_spx_auto
ei_community_topicweighted_xlag0,0.0,0.0,0.0,-0.0,0.0,0.0,0.0,0.0,0.0,1.0,,False,False,False,r_spx_auto
ei_creator_xlag0,-0.0,0.0,0.0,0.0,0.0,-0.0,0.0,-0.0,0.0,1.0,,False,False,False,r_spx_auto
ei_creator_engweighted_xlag0,-0.0,0.0,0.0,0.0,0.0,-0.0,0.0,-0.0,0.0,1.0,,False,False,False,r_spx_auto
ei_creator_engweighted_topicweighted_xlag0,0.0,0.0,0.0,0.0,0.0,-0.0,0.0,0.0,0.0,1.0,,False,False,False,r_spx_auto
ei_creator_topicweighted_xlag0,0.0,0.0,0.0,0.0,0.0,-0.0,0.0,0.0,0.0,1.0,,False,False,False,r_spx_auto
ei_community_xlag1,-0.0,0.0,0.0,-0.0,0.0,0.0,0.0,0.0,0.0,1.0,,False,False,False,r_spx_auto
ei_community_topicweighted_xlag1,-0.0,0.0,0.0,-0.0,0.0,0.0,0.0,0.0,0.0,1.0,,False,False,False,r_spx_auto
ei_creator_xlag1,-0.0,0.0,0.0,-0.0,0.0,-0.0,0.0,0.0,0.0,1.0,,False,False,False,r_spx_auto
ei_creator_engweighted_xlag1,-0.0,0.0,0.0,-0.0,0.0,-0.0,0.0,-0.0,0.0,1.0,,False,False,False,r_spx_auto
ei_creator_engweighted_topicweighted_xlag1,-0.0,0.0,0.0,-0.0,0.0,-0.0,0.0,0.0,0.0,1.0,,False,False,False,r_spx_auto
ei_creator_topicweighted_xlag1,-0.0,0.0,0.0,-0.0,0.0,-0.0,0.0,0.0,0.0,1.0,,False,False,False,r_spx_auto
ei_community_xlag2,0.0,0.0,0.0,-0.0,0.0,0.0,0.0,-0.0,0.0,1.0,,False,False,False,r_spx_auto
ei_community_topicweighted_xlag2,-0.0,0.0,0.0,-0.0,0.0,0.0,0.0,-0.0,0.0,1.0,,False,False,False,r_spx_auto
ei_creator_xlag2,-0.0,0.00015498243224472877,-1.383659148665991e-05,-0.0013083796176779515,0.0,0.0,0.0,0.0,0.0,1.0,,False,False,False,r_spx_auto
ei_creator_engweighted_xlag2,-0.0,4.942472952729737e-05,-3.5025333142080786e-06,-0.000248735242522428,0.0,-0.0,0.0,-0.0,0.0,1.0,,False,False,False,r_spx_auto
ei_creator_engweighted_topicweighted_xlag2,-0.0,0.0,0.0,0.0,0.0,0.0,0.0,0.0,0.0,1.0,,False,False,False,r_spx_auto
ei_creator_topicweighted_xlag2,-0.0,0.0,0.0,0.0,0.0,0.0,0.0,0.0,0.0,1.0,,False,False,False,r_spx_auto
epi_xlag0,0.0,0.0,0.0,0.0,0.0,0.0,0.0,0.0,0.0,1.0,,False,False,False,r_spx_auto
epi_engweighted_xlag0,0.0,0.0,0.0,0.0,0.0,0.0,0.0,0.0,0.0,1.0,,False,False,False,r_spx_auto
epi_engweighted_topicweighted_xlag0,-0.0,0.0,0.0,-0.0,0.0,0.0,0.0,0.0,0.0,1.0,,False,False,False,r_spx_auto
epi_signed_xlag0,0.0,0.0,0.0,0.0,0.0,-0.0,0.0,0.0,0.0,1.0,,False,False,False,r_spx_auto
epi_signed_engweighted_xlag0,0.0,0.0,0.0,0.0,0.0,-0.0,0.0,-0.0,0.0,1.0,,False,False,False,r_spx_auto
epi_signed_engweighted_topicweighted_xlag0,-0.0,0.0,0.0,0.0,0.0,-0.0,0.0,0.0,0.0,1.0,,False,False,False,r_spx_auto
epi_signed_topicweighted_xlag0,-0.0,0.0,0.0,-0.0,0.0,-0.0,0.0,-0.0,0.0,1.0,,False,False,False,r_spx_auto
epi_topicweighted_xlag0,0.0,0.0,0.0,0.0,0.0,0.0,0.0,0.0,0.0,1.0,,False,False,False,r_spx_auto
epi_xlag1,-0.0,0.0,0.0,-0.0,0.0,-0.0,0.0,0.0,0.0,1.0,,False,False,False,r_spx_auto
epi_engweighted_xlag1,-0.0,0.0,0.0,-0.0,0.0,-0.0,0.0,0.0,0.0,1.0,,False,False,False,r_spx_auto
epi_engweighted_topicweighted_xlag1,-0.0,0.0,0.0,0.0,0.0,-0.0,0.0,-0.0,0.0,1.0,,False,False,False,r_spx_auto
epi_signed_xlag1,0.0,0.0,0.0,0.0,0.0,0.0,0.0,0.0,0.0,1.0,,False,False,False,r_spx_auto
epi_signed_engweighted_xlag1,0.0,0.0,0.0,0.0,0.0,0.0,0.0,0.0,0.0,1.0,,False,False,False,r_spx_auto
epi_signed_engweighted_topicweighted_xlag1,-0.0,0.0,0.0,-0.0,0.0,-0.0,0.0,0.0,0.0,1.0,,False,False,False,r_spx_auto
epi_signed_topicweighted_xlag1,-0.0,0.0,0.0,-0.0,0.0,-0.0,0.0,-0.0,0.0,1.0,,False,False,False,r_spx_auto
epi_topicweighted_xlag1,-0.0,0.0,0.0,0.0,0.0,-0.0,0.0,0.0,0.0,1.0,,False,False,False,r_spx_auto
epi_xlag2,-0.0,0.0,0.0,0.0,0.0,-0.0,0.0,0.0,0.0,1.0,,False,False,False,r_spx_auto
epi_engweighted_xlag2,-0.0,0.0,0.0,0.0,0.0,-0.0,0.0,0.0,0.0,1.0,,False,False,False,r_spx_auto
epi_engweighted_topicweighted_xlag2,-0.0,0.0,0.0,-0.0,0.0,-0.0,0.0,-0.0,0.0,1.0,,False,False,False,r_spx_auto
epi_signed_xlag2,-0.0,0.0,0.0,0.0,0.0,0.0,0.0,0.0,0.0,1.0,,False,False,False,r_spx_auto
epi_signed_engweighted_xlag2,-0.0,0.0,0.0,0.0,0.0,0.0,0.0,0.0,0.0,1.0,,False,False,False,r_spx_auto
epi_signed_engweighted_topicweighted_xlag2,-0.0,0.0,0.0,0.0,0.0,0.0,0.0,0.0,0.0,1.0,,False,False,False,r_spx_auto
epi_signed_topicweighted_xlag2,-0.0,0.0,0.0,-0.0,0.0,-0.0,0.0,-0.0,0.0,1.0,,False,False,False,r_spx_auto
epi_topicweighted_xlag2,-0.0,0.0,0.0,0.0,0.0,-0.0,0.0,-0.0,0.0,1.0,,False,False,False,r_spx_auto
epi_xlag3,0.0,0.0003955051119778885,8.551361819608495e-05,0.0,0.0026513955705905427,0.0,0.0012166458019907595,0.0,0.0005553610553400095,1.0,,False,False,False,r_spx_auto
epi_engweighted_xlag3,0.0,0.0005671375708141315,0.00014964225777076718,0.0,0.003192176625930334,0.0,0.0023683953087380075,0.0,0.0011905887347056082,1.0,,False,False,False,r_spx_auto
epi_engweighted_topicweighted_xlag3,-0.0,0.0,0.0,0.0,0.0,-0.0,0.0,-0.0,0.0,1.0,,False,False,False,r_spx_auto
epi_signed_xlag3,0.0,0.0008512640998337302,0.00029914821198892723,0.0,0.004953439942201558,0.0,0.00316098408572028,0.0,0.0022882824367340005,1.0,,False,False,False,r_spx_auto
epi_signed_engweighted_xlag3,0.0,0.0007888680114670193,0.00027463801264432163,0.0,0.004541943660910732,0.0,0.0027389577319263864,0.0,0.0020232211774707655,1.0,,False,False,False,r_spx_auto
epi_signed_engweighted_topicweighted_xlag3,-0.0,0.0,0.0,-0.0,0.0,0.0,0.0,-0.0,0.0,1.0,,False,False,False,r_spx_auto
epi_signed_topicweighted_xlag3,0.0,0.0,0.0,0.0,0.0,0.0,0.0,-0.0,0.0,1.0,,False,False,False,r_spx_auto
epi_topicweighted_xlag3,-0.0,0.0,0.0,-0.0,0.0,-0.0,0.0,-0.0,0.0,1.0,,False,False,False,r_spx_auto
ccd_xlag0,0.0,0.0,0.0,0.0,0.0,0.0,0.0,0.0,0.0,1.0,,False,False,False,r_spx_auto
ccd_engweighted_xlag0,0.0,0.0,0.0,0.0,0.0,0.0,0.0,0.0,0.0,1.0,,False,False,False,r_spx_auto
ccd_engweighted_topicweighted_xlag0,-0.0,0.0,0.0,-0.0,0.0,0.0,0.0,0.0,0.0,1.0,,False,False,False,r_spx_auto
ccd_topicweighted_xlag0,0.0,0.0,0.0,0.0,0.0,0.0,0.0,0.0,0.0,1.0,,False,False,False,r_spx_auto
ccd_xlag1,-0.0,0.0,0.0,-0.0,0.0,-0.0,0.0,0.0,0.0,1.0,,False,False,False,r_spx_auto
ccd_engweighted_xlag1,-0.0,0.0,0.0,-0.0,0.0,-0.0,0.0,0.0,0.0,1.0,,False,False,False,r_spx_auto
ccd_engweighted_topicweighted_xlag1,-0.0,0.0,0.0,0.0,0.0,-0.0,0.0,0.0,0.0,1.0,,False,False,False,r_spx_auto
ccd_topicweighted_xlag1,-0.0,0.0,0.0,0.0,0.0,-0.0,0.0,0.0,0.0,1.0,,False,False,False,r_spx_auto
ccd_xlag2,-0.0,0.0,0.0,0.0,0.0,-0.0,0.0,0.0,0.0,1.0,,False,False,False,r_spx_auto
ccd_engweighted_xlag2,-0.0,0.0,0.0,0.0,0.0,-0.0,0.0,0.0,0.0,1.0,,False,False,False,r_spx_auto
ccd_engweighted_topicweighted_xlag2,0.0,0.0,0.0,0.0,0.0,-0.0,0.0,0.0,0.0,1.0,,False,False,False,r_spx_auto
ccd_topicweighted_xlag2,-0.0,0.0,0.0,0.0,0.0,-0.0,0.0,0.0,0.0,1.0,,False,False,False,r_spx_auto
ccd_xlag3,0.0,0.0,0.0,-0.0,0.0,0.0,0.0,0.0,0.0,1.0,,False,False,False,r_spx_auto
ccd_engweighted_xlag3,0.0,0.0,0.0,-0.0,0.0,0.0,0.0,0.0,0.0,1.0,,False,False,False,r_spx_auto
ccd_engweighted_topicweighted_xlag3,-0.0,0.0,0.0,0.0,0.0,-0.0,0.0,-0.0,0.0,1.0,,False,False,False,r_spx_auto
ccd_topicweighted_xlag3,-0.0,0.0,0.0,-0.0,0.0,0.0,0.0,-0.0,0.0,1.0,,False,False,False,r_spx_auto
intensity_xlag0,0.0,1.7075917021013563e-05,1.0148750052278873e-06,0.0,0.0,0.0,0.0,0.0,0.0,1.0,,False,False,False,r_spx_auto
intensity_engweighted_xlag0,0.0,3.459011734379732e-07,1.0943828816960806e-08,0.0,0.0,0.0,0.0,0.0,0.0,1.0,,False,False,False,r_spx_auto
intensity_engweighted_topicweighted_xlag0,-0.0,0.0,0.0,-0.0,0.0,0.0,0.0,0.0,0.0,1.0,,False,False,False,r_spx_auto
intensity_topicweighted_xlag0,-0.0,0.0,0.0,0.0,0.0,0.0,0.0,0.0,0.0,1.0,,False,False,False,r_spx_auto
intensity_xlag1,0.0,0.0,0.0,0.0,0.0,0.0,0.0,0.0,0.0,1.0,,False,False,False,r_spx_auto
intensity_engweighted_xlag1,0.0,0.0,0.0,0.0,0.0,0.0,0.0,0.0,0.0,1.0,,False,False,False,r_spx_auto
intensity_engweighted_topicweighted_xlag1,-0.0,0.0,0.0,0.0,0.0,-0.0,0.0,0.0,0.0,1.0,,False,False,False,r_spx_auto
intensity_topicweighted_xlag1,0.0,0.0,0.0,0.0,0.0,-0.0,0.0,0.0,0.0,1.0,,False,False,False,r_spx_auto
intensity_xlag2,0.0,9.702223822056706e-05,4.407327296693062e-06,0.0,0.0,0.0,0.0,0.0,0.0,1.0,,False,False,False,r_spx_auto
intensity_engweighted_xlag2,0.0,8.330662339417522e-05,2.905403337061731e-06,0.0,0.0,0.0,0.0,0.0,0.0,1.0,,False,False,False,r_spx_auto
intensity_engweighted_topicweighted_xlag2,0.0,0.0,0.0,0.0,0.0,-0.0,0.0,0.0,0.0,1.0,,False,False,False,r_spx_auto
intensity_topicweighted_xlag2,0.0,0.0,0.0,0.0,0.0,-0.0,0.0,0.0,0.0,1.0,,False,False,False,r_spx_auto
surprise_xlag0,0.0,0.00030630320329476504,4.538846095095035e-05,0.0,0.0022756649034598375,0.0,0.0004982377492396035,0.0,0.0,1.0,,False,False,False,r_spx_auto
surprise_engweighted_xlag0,0.0,0.0001414852113677081,1.0712748929827654e-05,0.0,0.0004423526804194241,0.0,0.0,0.0,0.0,1.0,,False,False,False,r_spx_auto
surprise_engweighted_topicweighted_xlag0,0.0,0.0006733975784908721,0.00019136365922171368,0.0,0.004229445296189496,0.0,0.0026285638804328993,0.0,0.0015164203123498618,1.0,,False,False,False,r_spx_auto
surprise_topicweighted_xlag0,0.0,0.0012865832206571204,0.0005615718096103803,0.0,0.005988072599713369,0.0,0.004642075046636351,0.0,0.0036738792903020906,1.0,,False,False,False,r_spx_auto
surprise_xlag1,0.0,0.0,0.0,0.0,0.0,0.0,0.0,0.0,0.0,1.0,,False,False,False,r_spx_auto
surprise_engweighted_xlag1,0.0,0.0,0.0,0.0,0.0,0.0,0.0,0.0,0.0,1.0,,False,False,False,r_spx_auto
surprise_engweighted_topicweighted_xlag1,0.0,0.0,0.0,-0.0,0.0,0.0,0.0,0.0,0.0,1.0,,False,False,False,r_spx_auto
surprise_topicweighted_xlag1,0.0,0.0,0.0,-0.0,0.0,0.0,0.0,0.0,0.0,1.0,,False,False,False,r_spx_auto
surprise_xlag2,-0.0,0.0,0.0,-0.0,0.0,0.0,0.0,0.0,0.0,1.0,,False,False,False,r_spx_auto
surprise_engweighted_xlag2,-0.0,0.0,0.0,-0.0,0.0,0.0,0.0,0.0,0.0,1.0,,False,False,False,r_spx_auto
surprise_engweighted_topicweighted_xlag2,-0.0,0.0,0.0,-0.0,0.0,0.0,0.0,-0.0,0.0,1.0,,False,False,False,r_spx_auto
surprise_topicweighted_xlag2,0.0,0.0,0.0,-0.0,0.0,0.0,0.0,0.0,0.0,1.0,,False,False,False,r_spx_auto
split_xlag0,0.0,2.287536423060244e-05,7.237444955075673e-07,0.0,0.0,0.0,0.0,0.0,0.0,1.0,,False,False,False,r_spx_auto
split_xlag1,0.0,0.0,0.0,0.0,0.0,0.0,0.0,0.0,0.0,1.0,,False,False,False,r_spx_auto
split_xlag2,0.0,0.0,0.0,-0.0,0.0,0.0,0.0,0.0,0.0,1.0,,False,False,False,r_spx_auto
split_xlag3,-0.0,0.0,0.0,-0.0,0.0,0.0,0.0,0.0,0.0,1.0,,False,False,False,r_spx_auto
r_btc_lag1,0.0,0.0,0.0,0.0,0.0,0.0,0.0,0.0,0.0,1.0,,False,False,False,r_spx_oilgas
r_gold_lag1,0.0,0.0,0.0,0.0,0.0,0.0,0.0,0.0,0.0,1.0,,False,False,False,r_spx_oilgas
r_spx_lag1,0.0,0.0,0.0,0.0,0.0,0.0,0.0,0.0,0.0,1.0,,False,False,False,r_spx_oilgas
r_spx_auto_lag1,0.0,0.0,0.0,0.0,0.0,0.0,0.0,0.0,0.0,1.0,,False,False,False,r_spx_oilgas
r_spx_oilgas_lag1,0.0,7.678522515241324e-06,2.4293770136356306e-07,0.0,0.0,0.0,0.0,0.0,0.0,1.0,,False,False,False,r_spx_oilgas
r_spx_mach_lag1,0.0,0.0002410582808563794,4.557759922300262e-05,0.0,0.0017145973768361012,0.0,0.0007217241996520132,0.0,5.59797944857646e-05,1.0,,False,False,False,r_spx_oilgas
r_spx_elec_lag1,0.0,0.00024574367437731114,3.9495221495298327e-05,0.0,0.0018329433515562126,0.0,0.0006079598791730107,0.0,0.0,1.0,,False,False,False,r_spx_oilgas
r_aapl_lag1,0.0,0.00019447336524656316,3.115800502509737e-05,0.0,0.0014714404434017097,0.0,0.00037025364498030904,0.0,0.0,1.0,,False,False,False,r_spx_oilgas
r_btc_lag2,0.0,0.0,0.0,0.0,0.0,0.0,0.0,0.0,0.0,1.0,,False,False,False,r_spx_oilgas
r_gold_lag2,-0.0,0.0,0.0,0.0,0.0,-0.0,0.0,0.0,0.0,1.0,,False,False,False,r_spx_oilgas
r_spx_lag2,-0.0,0.0,0.0,0.0,0.0,-0.0,0.0,-0.0,0.0,1.0,,False,False,False,r_spx_oilgas
r_spx_auto_lag2,0.0,0.0,0.0,0.0,0.0,0.0,0.0,-0.0,0.0,1.0,,False,False,False,r_spx_oilgas
r_spx_oilgas_lag2,0.0,0.0,0.0,0.0,0.0,0.0,0.0,-0.0,0.0,1.0,,False,False,False,r_spx_oilgas
r_spx_mach_lag2,-0.0,0.0,0.0,0.0,0.0,0.0,0.0,0.0,0.0,1.0,,False,False,False,r_spx_oilgas
r_spx_elec_lag2,-0.0,0.0,0.0,0.0,0.0,-0.0,0.0,-0.0,0.0,1.0,,False,False,False,r_spx_oilgas
r_aapl_lag2,-0.0,0.0,0.0,0.0,0.0,0.0,0.0,-0.0,0.0,1.0,,False,False,False,r_spx_oilgas
dln_eurusd_xlag0,-0.0,0.0,0.0,-0.0,0.0,0.0,0.0,-0.0,0.0,1.0,,False,False,False,r_spx_oilgas
dln_usdcny_xlag0,0.0,0.0,0.0,0.0,0.0,0.0,0.0,0.0,0.0,1.0,,False,False,False,r_spx_oilgas
dln_oil_xlag0,-0.0,0.00021816372881924696,-2.480009889553334e-05,-0.0013658646416426594,0.0,-0.0,0.0,-0.0,0.0,1.0,,False,False,False,r_spx_oilgas
dy10_xlag0,0.0,0.0,0.0,0.0,0.0,0.0,0.0,0.0,0.0,1.0,,False,False,False,r_spx_oilgas
dln_eurusd_xlag1,0.0,0.0,0.0,0.0,0.0,0.0,0.0,0.0,0.0,1.0,,False,False,False,r_spx_oilgas
dln_usdcny_xlag1,0.0,0.0,0.0,0.0,0.0,0.0,0.0,0.0,0.0,1.0,,False,False,False,r_spx_oilgas
dln_oil_xlag1,-0.0,0.0,0.0,-0.0,0.0,0.0,0.0,0.0,0.0,1.0,,False,False,False,r_spx_oilgas
dy10_xlag1,0.0,0.0,0.0,0.0,0.0,0.0,0.0,0.0,0.0,1.0,,False,False,False,r_spx_oilgas
ei_community_xlag0,0.0,0.0,0.0,0.0,0.0,0.0,0.0,0.0,0.0,1.0,,False,False,False,r_spx_oilgas
ei_community_topicweighted_xlag0,0.0,0.0,0.0,0.0,0.0,0.0,0.0,0.0,0.0,1.0,,False,False,False,r_spx_oilgas
ei_creator_xlag0,-0.0,0.0,0.0,0.0,0.0,-0.0,0.0,-0.0,0.0,1.0,,False,False,False,r_spx_oilgas
ei_creator_engweighted_xlag0,-0.0,0.0,0.0,0.0,0.0,-0.0,0.0,-0.0,0.0,1.0,,False,False,False,r_spx_oilgas
ei_creator_engweighted_topicweighted_xlag0,-0.0,0.0,0.0,-0.0,0.0,-0.0,0.0,0.0,0.0,1.0,,False,False,False,r_spx_oilgas
ei_creator_topicweighted_xlag0,-0.0,0.0,0.0,-0.0,0.0,-0.0,0.0,0.0,0.0,1.0,,False,False,False,r_spx_oilgas
ei_community_xlag1,-0.0,0.0,0.0,-0.0,0.0,0.0,0.0,0.0,0.0,1.0,,False,False,False,r_spx_oilgas
ei_community_topicweighted_xlag1,-0.0,0.0,0.0,-0.0,0.0,0.0,0.0,0.0,0.0,1.0,,False,False,False,r_spx_oilgas
ei_creator_xlag1,-0.0,0.0,0.0,-0.0,0.0,0.0,0.0,0.0,0.0,1.0,,False,False,False,r_spx_oilgas
ei_creator_engweighted_xlag1,-0.0,0.0,0.0,-0.0,0.0,0.0,0.0,0.0,0.0,1.0,,False,False,False,r_spx_oilgas
ei_creator_engweighted_topicweighted_xlag1,-0.0,0.0,0.0,-0.0,0.0,0.0,0.0,0.0,0.0,1.0,,False,False,False,r_spx_oilgas
ei_creator_topicweighted_xlag1,-0.0,0.0,0.0,-0.0,0.0,0.0,0.0,0.0,0.0,1.0,,False,False,False,r_spx_oilgas
ei_community_xlag2,-0.0,0.0,0.0,0.0,0.0,-0.0,0.0,-0.0,0.0,1.0,,False,False,False,r_spx_oilgas
ei_community_topicweighted_xlag2,-0.0,0.0,0.0,0.0,0.0,-0.0,0.0,-0.0,0.0,1.0,,False,False,False,r_spx_oilgas
ei_creator_xlag2,0.0,0.0,0.0,0.0,0.0,0.0,0.0,0.0,0.0,1.0,,False,False,False,r_spx_oilgas
ei_creator_engweighted_xlag2,0.0,0.0,0.0,0.0,0.0,0.0,0.0,0.0,0.0,1.0,,False,False,False,r_spx_oilgas
ei_creator_engweighted_topicweighted_xlag2,0.0,0.0,0.0,0.0,0.0,0.0,0.0,0.0,0.0,1.0,,False,False,False,r_spx_oilgas
ei_creator_topicweighted_xlag2,0.0,0.0,0.0,0.0,0.0,0.0,0.0,0.0,0.0,1.0,,False,False,False,r_spx_oilgas
epi_xlag0,0.0,3.305768478005133e-05,1.8704779904646752e-06,0.0,1.3692543867553296e-07,0.0,0.0,0.0,0.0,1.0,,False,False,False,r_spx_oilgas
epi_engweighted_xlag0,0.0,5.557579162835561e-05,4.071857009450614e-06,0.0,0.00022387028511636531,0.0,0.0,0.0,0.0,1.0,,False,False,False,r_spx_oilgas
epi_engweighted_topicweighted_xlag0,0.0,0.0,0.0,0.0,0.0,0.0,0.0,0.0,0.0,1.0,,False,False,False,r_spx_oilgas
epi_signed_xlag0,0.0,0.0,0.0,0.0,0.0,-0.0,0.0,-0.0,0.0,1.0,,False,False,False,r_spx_oilgas
epi_signed_engweighted_xlag0,0.0,0.0,0.0,0.0,0.0,-0.0,0.0,-0.0,0.0,1.0,,False,False,False,r_spx_oilgas
epi_signed_engweighted_topicweighted_xlag0,-0.0,0.0,0.0,-0.0,0.0,-0.0,0.0,-0.0,0.0,1.0,,False,False,False,r_spx_oilgas
epi_signed_topicweighted_xlag0,0.0,0.0,0.0,0.0,0.0,0.0,0.0,0.0,0.0,1.0,,False,False,False,r_spx_oilgas
epi_topicweighted_xlag0,0.0,0.0,0.0,0.0,0.0,0.0,0.0,0.0,0.0,1.0,,False,False,False,r_spx_oilgas
epi_xlag1,-0.0,0.0,0.0,0.0,0.0,0.0,0.0,0.0,0.0,1.0,,False,False,False,r_spx_oilgas
epi_engweighted_xlag1,-0.0,0.0,0.0,0.0,0.0,0.0,0.0,0.0,0.0,1.0,,False,False,False,r_spx_oilgas
epi_engweighted_topicweighted_xlag1,-0.0,0.0,0.0,0.0,0.0,-0.0,0.0,-0.0,0.0,1.0,,False,False,False,r_spx_oilgas
epi_signed_xlag1,-0.0,0.0,0.0,-0.0,0.0,-0.0,0.0,-0.0,0.0,1.0,,False,False,False,r_spx_oilgas
epi_signed_engweighted_xlag1,-0.0,0.0,0.0,-0.0,0.0,-0.0,0.0,-0.0,0.0,1.0,,False,False,False,r_spx_oilgas
epi_signed_engweighted_topicweighted_xlag1,-0.0,0.0,0.0,-0.0,0.0,0.0,0.0,0.0,0.0,1.0,,False,False,False,r_spx_oilgas
epi_signed_topicweighted_xlag1,-0.0,0.0,0.0,0.0,0.0,-0.0,0.0,-0.0,0.0,1.0,,False,False,False,r_spx_oilgas
epi_topicweighted_xlag1,-0.0,0.0,0.0,0.0,0.0,-0.0,0.0,0.0,0.0,1.0,,False,False,False,r_spx_oilgas
epi_xlag2,-0.0,0.0,0.0,0.0,0.0,-0.0,0.0,-0.0,0.0,1.0,,False,False,False,r_spx_oilgas
epi_engweighted_xlag2,-0.0,0.0,0.0,0.0,0.0,-0.0,0.0,-0.0,0.0,1.0,,False,False,False,r_spx_oilgas
epi_engweighted_topicweighted_xlag2,-0.0,0.0,0.0,-0.0,0.0,-0.0,0.0,-0.0,0.0,1.0,,False,False,False,r_spx_oilgas
epi_signed_xlag2,0.0,0.0,0.0,0.0,0.0,0.0,0.0,0.0,0.0,1.0,,False,False,False,r_spx_oilgas
epi_signed_engweighted_xlag2,0.0,0.0,0.0,0.0,0.0,0.0,0.0,0.0,0.0,1.0,,False,False,False,r_spx_oilgas
epi_signed_engweighted_topicweighted_xlag2,0.0,0.0,0.0,0.0,0.0,0.0,0.0,0.0,0.0,1.0,,False,False,False,r_spx_oilgas
epi_signed_topicweighted_xlag2,0.0,0.0,0.0,0.0,0.0,0.0,0.0,0.0,0.0,1.0,,False,False,False,r_spx_oilgas
epi_topicweighted_xlag2,-0.0,0.0,0.0,-0.0,0.0,-0.0,0.0,-0.0,0.0,1.0,,False,False,False,r_spx_oilgas
epi_xlag3,-0.0,0.0,0.0,-0.0,0.0,0.0,0.0,0.0,0.0,1.0,,False,False,False,r_spx_oilgas
epi_engweighted_xlag3,0.0,0.0,0.0,-0.0,0.0,0.0,0.0,0.0,0.0,1.0,,False,False,False,r_spx_oilgas
epi_engweighted_topicweighted_xlag3,-0.0,0.0,0.0,-0.0,0.0,-0.0,0.0,0.0,0.0,1.0,,False,False,False,r_spx_oilgas
epi_signed_xlag3,0.0,0.0,0.0,0.0,0.0,0.0,0.0,0.0,0.0,1.0,,False,False,False,r_spx_oilgas
epi_signed_engweighted_xlag3,0.0,0.0,0.0,0.0,0.0,0.0,0.0,0.0,0.0,1.0,,False,False,False,r_spx_oilgas
epi_signed_engweighted_topicweighted_xlag3,-0.0,0.0,0.0,-0.0,0.0,0.0,0.0,0.0,0.0,1.0,,False,False,False,r_spx_oilgas
epi_signed_topicweighted_xlag3,0.0,0.0,0.0,0.0,0.0,0.0,0.0,0.0,0.0,1.0,,False,False,False,r_spx_oilgas
epi_topicweighted_xlag3,-0.0,0.0,0.0,-0.0,0.0,-0.0,0.0,-0.0,0.0,1.0,,False,False,False,r_spx_oilgas
ccd_xlag0,0.0,0.0,0.0,0.0,0.0,0.0,0.0,0.0,0.0,1.0,,False,False,False,r_spx_oilgas
ccd_engweighted_xlag0,0.0,0.0,0.0,0.0,0.0,0.0,0.0,0.0,0.0,1.0,,False,False,False,r_spx_oilgas
ccd_engweighted_topicweighted_xlag0,0.0,0.0,0.0,0.0,0.0,0.0,0.0,0.0,0.0,1.0,,False,False,False,r_spx_oilgas
ccd_topicweighted_xlag0,0.0,0.0,0.0,0.0,0.0,0.0,0.0,0.0,0.0,1.0,,False,False,False,r_spx_oilgas
ccd_xlag1,-0.0,0.0,0.0,0.0,0.0,0.0,0.0,0.0,0.0,1.0,,False,False,False,r_spx_oilgas
ccd_engweighted_xlag1,-0.0,0.0,0.0,0.0,0.0,0.0,0.0,0.0,0.0,1.0,,False,False,False,r_spx_oilgas
ccd_engweighted_topicweighted_xlag1,-0.0,0.0,0.0,0.0,0.0,-0.0,0.0,-0.0,0.0,1.0,,False,False,False,r_spx_oilgas
ccd_topicweighted_xlag1,-0.0,0.0,0.0,0.0,0.0,0.0,0.0,0.0,0.0,1.0,,False,False,False,r_spx_oilgas
ccd_xlag2,-0.0,0.0,0.0,0.0,0.0,-0.0,0.0,-0.0,0.0,1.0,,False,False,False,r_spx_oilgas
ccd_engweighted_xlag2,-0.0,0.0,0.0,0.0,0.0,-0.0,0.0,-0.0,0.0,1.0,,False,False,False,r_spx_oilgas
ccd_engweighted_topicweighted_xlag2,-0.0,0.0,0.0,-0.0,0.0,-0.0,0.0,-0.0,0.0,1.0,,False,False,False,r_spx_oilgas
ccd_topicweighted_xlag2,-0.0,0.0,0.0,0.0,0.0,-0.0,0.0,-0.0,0.0,1.0,,False,False,False,r_spx_oilgas
ccd_xlag3,-0.0,0.0,0.0,-0.0,0.0,0.0,0.0,0.0,0.0,1.0,,False,False,False,r_spx_oilgas
ccd_engweighted_xlag3,-0.0,0.0,0.0,-0.0,0.0,0.0,0.0,0.0,0.0,1.0,,False,False,False,r_spx_oilgas
ccd_engweighted_topicweighted_xlag3,-0.0,0.0,0.0,-0.0,0.0,-0.0,0.0,-0.0,0.0,1.0,,False,False,False,r_spx_oilgas
ccd_topicweighted_xlag3,-0.0,0.0,0.0,-0.0,0.0,-0.0,0.0,0.0,0.0,1.0,,False,False,False,r_spx_oilgas
intensity_xlag0,0.0,5.677857859127472e-06,1.7963947285790014e-07,0.0,0.0,0.0,0.0,0.0,0.0,1.0,,False,False,False,r_spx_oilgas
intensity_engweighted_xlag0,0.0,0.0,0.0,0.0,0.0,0.0,0.0,0.0,0.0,1.0,,False,False,False,r_spx_oilgas
intensity_engweighted_topicweighted_xlag0,0.0,0.0,0.0,0.0,0.0,0.0,0.0,0.0,0.0,1.0,,False,False,False,r_spx_oilgas
intensity_topicweighted_xlag0,0.0,0.0,0.0,0.0,0.0,0.0,0.0,0.0,0.0,1.0,,False,False,False,r_spx_oilgas
intensity_xlag1,0.0,0.0,0.0,0.0,0.0,0.0,0.0,-0.0,0.0,1.0,,False,False,False,r_spx_oilgas
intensity_engweighted_xlag1,0.0,0.0,0.0,0.0,0.0,0.0,0.0,-0.0,0.0,1.0,,False,False,False,r_spx_oilgas
intensity_engweighted_topicweighted_xlag1,-0.0,0.0,0.0,0.0,0.0,-0.0,0.0,-0.0,0.0,1.0,,False,False,False,r_spx_oilgas
intensity_topicweighted_xlag1,-0.0,0.0,0.0,0.0,0.0,-0.0,0.0,-0.0,0.0,1.0,,False,False,False,r_spx_oilgas
intensity_xlag2,-0.0,0.0,0.0,0.0,0.0,-0.0,0.0,0.0,0.0,1.0,,False,False,False,r_spx_oilgas
intensity_engweighted_xlag2,-0.0,0.0,0.0,-0.0,0.0,-0.0,0.0,0.0,0.0,1.0,,False,False,False,r_spx_oilgas
intensity_engweighted_topicweighted_xlag2,-0.0,0.0,0.0,-0.0,0.0,-0.0,0.0,-0.0,0.0,1.0,,False,False,False,r_spx_oilgas
intensity_topicweighted_xlag2,-0.0,0.0,0.0,-0.0,0.0,-0.0,0.0,-0.0,0.0,1.0,,False,False,False,r_spx_oilgas
surprise_xlag0,0.0,0.0,0.0,0.0,0.0,0.0,0.0,0.0,0.0,1.0,,False,False,False,r_spx_oilgas
surprise_engweighted_xlag0,0.0,0.0,0.0,0.0,0.0,0.0,0.0,0.0,0.0,1.0,,False,False,False,r_spx_oilgas
surprise_engweighted_topicweighted_xlag0,0.0,2.038961208263678e-05,6.45098777950882e-07,0.0,0.0,0.0,0.0,0.0,0.0,1.0,,False,False,False,r_spx_oilgas
surprise_topicweighted_xlag0,0.0,3.41002708536172e-05,1.2032223090458473e-06,0.0,0.0,0.0,0.0,0.0,0.0,1.0,,False,False,False,r_spx_oilgas
surprise_xlag1,0.0,0.0,0.0,0.0,0.0,0.0,0.0,0.0,0.0,1.0,,False,False,False,r_spx_oilgas
surprise_engweighted_xlag1,0.0,0.0,0.0,0.0,0.0,0.0,0.0,0.0,0.0,1.0,,False,False,False,r_spx_oilgas
surprise_engweighted_topicweighted_xlag1,0.0,0.0,0.0,0.0,0.0,0.0,0.0,0.0,0.0,1.0,,False,False,False,r_spx_oilgas
surprise_topicweighted_xlag1,0.0,0.0,0.0,0.0,0.0,0.0,0.0,0.0,0.0,1.0,,False,False,False,r_spx_oilgas
surprise_xlag2,-0.0,0.0,0.0,0.0,0.0,0.0,0.0,-0.0,0.0,1.0,,False,False,False,r_spx_oilgas
surprise_engweighted_xlag2,-0.0,0.0,0.0,0.0,0.0,0.0,0.0,-0.0,0.0,1.0,,False,False,False,r_spx_oilgas
surprise_engweighted_topicweighted_xlag2,0.0,0.0,0.0,0.0,0.0,0.0,0.0,-0.0,0.0,1.0,,False,False,False,r_spx_oilgas
surprise_topicweighted_xlag2,0.0,0.0,0.0,0.0,0.0,0.0,0.0,-0.0,0.0,1.0,,False,False,False,r_spx_oilgas
split_xlag0,0.0,0.0,0.0,0.0,0.0,0.0,0.0,0.0,0.0,1.0,,False,False,False,r_spx_oilgas
split_xlag1,0.0,0.0,0.0,-0.0,0.0,0.0,0.0,0.0,0.0,1.0,,False,False,False,r_spx_oilgas
split_xlag2,0.0,0.0,0.0,0.0,0.0,0.0,0.0,-0.0,0.0,1.0,,False,False,False,r_spx_oilgas
split_xlag3,0.0,0.0,0.0,0.0,0.0,-0.0,0.0,0.0,0.0,1.0,,False,False,False,r_spx_oilgas
r_btc_lag1,0.0,0.0,0.0,0.0,0.0,0.0,0.0,0.0,0.0,1.0,,False,False,False,r_spx_mach
r_gold_lag1,0.0,0.0,0.0,0.0,0.0,0.0,0.0,0.0,0.0,1.0,,False,False,False,r_spx_mach
r_spx_lag1,0.0,0.0,0.0,0.0,0.0,0.0,0.0,0.0,0.0,1.0,,False,False,False,r_spx_mach
r_spx_auto_lag1,0.0,0.0,0.0,0.0,0.0,0.0,0.0,0.0,0.0,1.0,,False,False,False,r_spx_mach
r_spx_oilgas_lag1,0.0,0.0,0.0,0.0,0.0,0.0,0.0,0.0,0.0,1.0,,False,False,False,r_spx_mach
r_spx_mach_lag1,0.0,0.0,0.0,0.0,0.0,0.0,0.0,0.0,0.0,1.0,,False,False,False,r_spx_mach
r_spx_elec_lag1,0.0,0.0,0.0,0.0,0.0,0.0,0.0,0.0,0.0,1.0,,False,False,False,r_spx_mach
r_aapl_lag1,0.0,0.0,0.0,0.0,0.0,0.0,0.0,0.0,0.0,1.0,,False,False,False,r_spx_mach
r_btc_lag2,0.0,0.0,0.0,0.0,0.0,0.0,0.0,0.0,0.0,1.0,,False,False,False,r_spx_mach
r_gold_lag2,0.0,0.0,0.0,-0.0,0.0,0.0,0.0,0.0,0.0,1.0,,False,False,False,r_spx_mach
r_spx_lag2,0.0,0.0,0.0,0.0,0.0,-0.0,0.0,-0.0,0.0,1.0,,False,False,False,r_spx_mach
r_spx_auto_lag2,0.0,0.0,0.0,0.0,0.0,0.0,0.0,0.0,0.0,1.0,,False,False,False,r_spx_mach
r_spx_oilgas_lag2,0.0,0.0,0.0,0.0,0.0,0.0,0.0,0.0,0.0,1.0,,False,False,False,r_spx_mach
r_spx_mach_lag2,0.0,0.0,0.0,0.0,0.0,0.0,0.0,0.0,0.0,1.0,,False,False,False,r_spx_mach
r_spx_elec_lag2,0.0,0.0,0.0,0.0,0.0,0.0,0.0,0.0,0.0,1.0,,False,False,False,r_spx_mach
r_aapl_lag2,0.0,0.0,0.0,0.0,0.0,0.0,0.0,0.0,0.0,1.0,,False,False,False,r_spx_mach
dln_eurusd_xlag0,-0.0,0.0,0.0,-0.0,0.0,-0.0,0.0,-0.0,0.0,1.0,,False,False,False,r_spx_mach
dln_usdcny_xlag0,0.0,0.0,0.0,0.0,0.0,0.0,0.0,0.0,0.0,1.0,,False,False,False,r_spx_mach
dln_oil_xlag0,-0.0,9.228060248154073e-06,-4.0497421113348644e-07,-0.0,0.0,0.0,0.0,0.0,0.0,1.0,,False,False,False,r_spx_mach
dy10_xlag0,0.0,0.0,0.0,0.0,0.0,0.0,0.0,0.0,0.0,1.0,,False,False,False,r_spx_mach
dln_eurusd_xlag1,0.0,0.0,0.0,0.0,0.0,0.0,0.0,0.0,0.0,1.0,,False,False,False,r_spx_mach
dln_usdcny_xlag1,0.0,0.0,0.0,0.0,0.0,0.0,0.0,0.0,0.0,1.0,,False,False,False,r_spx_mach
dln_oil_xlag1,-0.0,0.0,0.0,-0.0,0.0,0.0,0.0,0.0,0.0,1.0,,False,False,False,r_spx_mach
dy10_xlag1,0.0,0.0,0.0,0.0,0.0,0.0,0.0,0.0,0.0,1.0,,False,False,False,r_spx_mach
ei_community_xlag0,0.0,0.0,0.0,0.0,0.0,0.0,0.0,0.0,0.0,1.0,,False,False,False,r_spx_mach
ei_community_topicweighted_xlag0,0.0,0.0,0.0,0.0,0.0,0.0,0.0,0.0,0.0,1.0,,False,False,False,r_spx_mach
ei_creator_xlag0,-0.0,0.0,0.0,0.0,0.0,-0.0,0.0,-0.0,0.0,1.0,,False,False,False,r_spx_mach
ei_creator_engweighted_xlag0,-0.0,0.0,0.0,0.0,0.0,-0.0,0.0,0.0,0.0,1.0,,False,False,False,r_spx_mach
ei_creator_engweighted_topicweighted_xlag0,-0.0,0.0,0.0,-0.0,0.0,0.0,0.0,0.0,0.0,1.0,,False,False,False,r_spx_mach
ei_creator_topicweighted_xlag0,-0.0,0.0,0.0,-0.0,0.0,0.0,0.0,0.0,0.0,1.0,,False,False,False,r_spx_mach
ei_community_xlag1,0.0,0.0,0.0,0.0,0.0,-0.0,0.0,0.0,0.0,1.0,,False,False,False,r_spx_mach
ei_community_topicweighted_xlag1,0.0,0.0,0.0,0.0,0.0,-0.0,0.0,0.0,0.0,1.0,,False,False,False,r_spx_mach
ei_creator_xlag1,-0.0,0.0,0.0,-0.0,0.0,0.0,0.0,0.0,0.0,1.0,,False,False,False,r_spx_mach
ei_creator_engweighted_xlag1,-0.0,0.0,0.0,-0.0,0.0,0.0,0.0,0.0,0.0,1.0,,False,False,False,r_spx_mach
ei_creator_engweighted_topicweighted_xlag1,0.0,0.0,0.0,0.0,0.0,0.0,0.0,0.0,0.0,1.0,,False,False,False,r_spx_mach
ei_creator_topicweighted_xlag1,0.0,0.0,0.0,0.0,0.0,0.0,0.0,0.0,0.0,1.0,,False,False,False,r_spx_mach
ei_community_xlag2,0.0,0.0,0.0,0.0,0.0,-0.0,0.0,0.0,0.0,1.0,,False,False,False,r_spx_mach
ei_community_topicweighted_xlag2,0.0,0.0,0.0,0.0,0.0,-0.0,0.0,0.0,0.0,1.0,,False,False,False,r_spx_mach
ei_creator_xlag2,-0.0,0.0,0.0,0.0,0.0,0.0,0.0,-0.0,0.0,1.0,,False,False,False,r_spx_mach
ei_creator_engweighted_xlag2,-0.0,0.0,0.0,0.0,0.0,0.0,0.0,-0.0,0.0,1.0,,False,False,False,r_spx_mach
ei_creator_engweighted_topicweighted_xlag2,-0.0,0.0,0.0,0.0,0.0,-0.0,0.0,-0.0,0.0,1.0,,False,False,False,r_spx_mach
ei_creator_topicweighted_xlag2,-0.0,0.0,0.0,0.0,0.0,-0.0,0.0,-0.0,0.0,1.0,,False,False,False,r_spx_mach
epi_xlag0,0.0,0.0,0.0,0.0,0.0,0.0,0.0,0.0,0.0,1.0,,False,False,False,r_spx_mach
epi_engweighted_xlag0,0.0,0.0,0.0,0.0,0.0,0.0,0.0,0.0,0.0,1.0,,False,False,False,r_spx_mach
epi_engweighted_topicweighted_xlag0,0.0,0.0,0.0,0.0,0.0,0.0,0.0,0.0,0.0,1.0,,False,False,False,r_spx_mach
epi_signed_xlag0,0.0,0.0,0.0,0.0,0.0,-0.0,0.0,-0.0,0.0,1.0,,False,False,False,r_spx_mach
epi_signed_engweighted_xlag0,0.0,0.0,0.0,0.0,0.0,-0.0,0.0,-0.0,0.0,1.0,,False,False,False,r_spx_mach
epi_signed_engweighted_topicweighted_xlag0,-0.0,0.0,0.0,-0.0,0.0,-0.0,0.0,0.0,0.0,1.0,,False,False,False,r_spx_mach
epi_signed_topicweighted_xlag0,0.0,0.0,0.0,0.0,0.0,0.0,0.0,-0.0,0.0,1.0,,False,False,False,r_spx_mach
epi_topicweighted_xlag0,-0.0,0.0,0.0,0.0,0.0,0.0,0.0,0.0,0.0,1.0,,False,False,False,r_spx_mach
epi_xlag1,-0.0,0.0,0.0,0.0,0.0,0.0,0.0,0.0,0.0,1.0,,False,False,False,r_spx_mach
epi_engweighted_xlag1,-0.0,0.0,0.0,0.0,0.0,0.0,0.0,0.0,0.0,1.0,,False,False,False,r_spx_mach
epi_engweighted_topicweighted_xlag1,-0.0,0.0,0.0,0.0,0.0,-0.0,0.0,-0.0,0.0,1.0,,False,False,False,r_spx_mach
epi_signed_xlag1,-0.0,0.0,0.0,-0.0,0.0,-0.0,0.0,-0.0,0.0,1.0,,False,False,False,r_spx_mach
epi_signed_engweighted_xlag1,-0.0,0.0,0.0,-0.0,0.0,-0.0,0.0,-0.0,0.0,1.0,,False,False,False,r_spx_mach
epi_signed_engweighted_topicweighted_xlag1,0.0,0.0,0.0,0.0,0.0,0.0,0.0,0.0,0.0,1.0,,False,False,False,r_spx_mach
epi_signed_topicweighted_xlag1,-0.0,0.0,0.0,0.0,0.0,-0.0,0.0,-0.0,0.0,1.0,,False,False,False,r_spx_mach
epi_topicweighted_xlag1,-0.0,0.0,0.0,0.0,0.0,0.0,0.0,0.0,0.0,1.0,,False,False,False,r_spx_mach
epi_xlag2,-0.0,0.0,0.0,0.0,0.0,-0.0,0.0,0.0,0.0,1.0,,False,False,False,r_spx_mach
epi_engweighted_xlag2,-0.0,0.0,0.0,0.0,0.0,-0.0,0.0,0.0,0.0,1.0,,False,False,False,r_spx_mach
epi_engweighted_topicweighted_xlag2,-0.0,0.0,0.0,-0.0,0.0,-0.0,0.0,-0.0,0.0,1.0,,False,False,False,r_spx_mach
epi_signed_xlag2,-0.0,0.0,0.0,0.0,0.0,0.0,0.0,0.0,0.0,1.0,,False,False,False,r_spx_mach
epi_signed_engweighted_xlag2,-0.0,0.0,0.0,0.0,0.0,0.0,0.0,0.0,0.0,1.0,,False,False,False,r_spx_mach
epi_signed_engweighted_topicweighted_xlag2,-0.0,0.0,0.0,0.0,0.0,-0.0,0.0,-0.0,0.0,1.0,,False,False,False,r_spx_mach
epi_signed_topicweighted_xlag2,-0.0,0.0,0.0,-0.0,0.0,0.0,0.0,0.0,0.0,1.0,,False,False,False,r_spx_mach
epi_topicweighted_xlag2,-0.0,0.0,0.0,-0.0,0.0,-0.0,0.0,-0.0,0.0,1.0,,False,False,False,r_spx_mach
epi_xlag3,0.0,3.254489017388131e-07,1.0296747576475463e-08,-0.0,0.0,0.0,0.0,0.0,0.0,1.0,,False,False,False,r_spx_mach
epi_engweighted_xlag3,0.0,1.5907372596153724e-05,5.032869963684498e-07,-0.0,0.0,0.0,0.0,0.0,0.0,1.0,,False,False,False,r_spx_mach
epi_engweighted_topicweighted_xlag3,-0.0,0.0,0.0,-0.0,0.0,-0.0,0.0,-0.0,0.0,1.0,,False,False,False,r_spx_mach
epi_signed_xlag3,0.0,8.662146792736107e-05,7.032957091675146e-06,0.0,0.0003155798017091407,0.0,0.0,0.0,0.0,1.0,,False,False,False,r_spx_mach
epi_signed_engweighted_xlag3,0.0,4.994116978940475e-05,3.910748536121647e-06,0.0,0.0002679696218132998,0.0,0.0,0.0,0.0,1.0,,False,False,False,r_spx_mach
epi_signed_engweighted_topicweighted_xlag3,0.0,0.0,0.0,0.0,0.0,0.0,0.0,0.0,0.0,1.0,,False,False,False,r_spx_mach
epi_signed_topicweighted_xlag3,0.0,0.0,0.0,0.0,0.0,0.0,0.0,0.0,0.0,1.0,,False,False,False,r_spx_mach
epi_topicweighted_xlag3,-0.0,0.0,0.0,0.0,0.0,-0.0,0.0,0.0,0.0,1.0,,False,False,False,r_spx_mach
ccd_xlag0,0.0,0.0,0.0,0.0,0.0,0.0,0.0,0.0,0.0,1.0,,False,False,False,r_spx_mach
ccd_engweighted_xlag0,0.0,0.0,0.0,0.0,0.0,0.0,0.0,0.0,0.0,1.0,,False,False,False,r_spx_mach
ccd_engweighted_topicweighted_xlag0,0.0,0.0,0.0,0.0,0.0,0.0,0.0,0.0,0.0,1.0,,False,False,False,r_spx_mach
ccd_topicweighted_xlag0,-0.0,0.0,0.0,0.0,0.0,-0.0,0.0,0.0,0.0,1.0,,False,False,False,r_spx_mach
ccd_xlag1,-0.0,0.0,0.0,0.0,0.0,0.0,0.0,0.0,0.0,1.0,,False,False,False,r_spx_mach
ccd_engweighted_xlag1,-0.0,0.0,0.0,0.0,0.0,0.0,0.0,0.0,0.0,1.0,,False,False,False,r_spx_mach
ccd_engweighted_topicweighted_xlag1,-0.0,0.0,0.0,0.0,0.0,-0.0,0.0,-0.0,0.0,1.0,,False,False,False,r_spx_mach
ccd_topicweighted_xlag1,-0.0,0.0,0.0,0.0,0.0,0.0,0.0,0.0,0.0,1.0,,False,False,False,r_spx_mach
ccd_xlag2,-0.0,0.0,0.0,0.0,0.0,-0.0,0.0,0.0,0.0,1.0,,False,False,False,r_spx_mach
ccd_engweighted_xlag2,-0.0,0.0,0.0,0.0,0.0,0.0,0.0,0.0,0.0,1.0,,False,False,False,r_spx_mach
ccd_engweighted_topicweighted_xlag2,-0.0,0.0,0.0,-0.0,0.0,-0.0,0.0,-0.0,0.0,1.0,,False,False,False,r_spx_mach
ccd_topicweighted_xlag2,-0.0,0.0,0.0,-0.0,0.0,-0.0,0.0,-0.0,0.0,1.0,,False,False,False,r_spx_mach
ccd_xlag3,0.0,0.0,0.0,-0.0,0.0,0.0,0.0,0.0,0.0,1.0,,False,False,False,r_spx_mach
ccd_engweighted_xlag3,0.0,0.0,0.0,-0.0,0.0,0.0,0.0,0.0,0.0,1.0,,False,False,False,r_spx_mach
ccd_engweighted_topicweighted_xlag3,-0.0,0.0,0.0,-0.0,0.0,-0.0,0.0,-0.0,0.0,1.0,,False,False,False,r_spx_mach
ccd_topicweighted_xlag3,0.0,0.0,0.0,0.0,0.0,0.0,0.0,0.0,0.0,1.0,,False,False,False,r_spx_mach
intensity_xlag0,0.0,0.0,0.0,0.0,0.0,0.0,0.0,0.0,0.0,1.0,,False,False,False,r_spx_mach
intensity_engweighted_xlag0,0.0,0.0,0.0,0.0,0.0,0.0,0.0,0.0,0.0,1.0,,False,False,False,r_spx_mach
intensity_engweighted_topicweighted_xlag0,0.0,0.0,0.0,0.0,0.0,0.0,0.0,0.0,0.0,1.0,,False,False,False,r_spx_mach
intensity_topicweighted_xlag0,0.0,0.0,0.0,0.0,0.0,0.0,0.0,0.0,0.0,1.0,,False,False,False,r_spx_mach
intensity_xlag1,-0.0,0.0,0.0,0.0,0.0,0.0,0.0,-0.0,0.0,1.0,,False,False,False,r_spx_mach
intensity_engweighted_xlag1,-0.0,0.0,0.0,0.0,0.0,0.0,0.0,-0.0,0.0,1.0,,False,False,False,r_spx_mach
intensity_engweighted_topicweighted_xlag1,-0.0,0.0,0.0,0.0,0.0,-0.0,0.0,-0.0,0.0,1.0,,False,False,False,r_spx_mach
intensity_topicweighted_xlag1,-0.0,0.0,0.0,0.0,0.0,-0.0,0.0,-0.0,0.0,1.0,,False,False,False,r_spx_mach
intensity_xlag2,0.0,0.0,0.0,0.0,0.0,0.0,0.0,0.0,0.0,1.0,,False,False,False,r_spx_mach
intensity_engweighted_xlag2,0.0,0.0,0.0,0.0,0.0,0.0,0.0,0.0,0.0,1.0,,False,False,False,r_spx_mach
intensity_engweighted_topicweighted_xlag2,-0.0,0.0,0.0,-0.0,0.0,-0.0,0.0,-0.0,0.0,1.0,,False,False,False,r_spx_mach
intensity_topicweighted_xlag2,-0.0,0.0,0.0,-0.0,0.0,-0.0,0.0,0.0,0.0,1.0,,False,False,False,r_spx_mach
surprise_xlag0,0.0,3.13212109728981e-05,1.2396596276921048e-06,0.0,0.0,0.0,0.0,0.0,0.0,1.0,,False,False,False,r_spx_mach
surprise_engweighted_xlag0,0.0,0.0,0.0,0.0,0.0,0.0,0.0,0.0,0.0,1.0,,False,False,False,r_spx_mach
surprise_engweighted_topicweighted_xlag0,0.0,2.9624658438243432e-05,1.1345661875190795e-06,0.0,0.0,0.0,0.0,0.0,0.0,1.0,,False,False,False,r_spx_mach
surprise_topicweighted_xlag0,0.0,5.792804990038005e-05,3.695716923775242e-06,0.0,6.089452213251235e-07,0.0,0.0,0.0,0.0,1.0,,False,False,False,r_spx_mach
surprise_xlag1,0.0,0.0,0.0,0.0,0.0,0.0,0.0,0.0,0.0,1.0,,False,False,False,r_spx_mach
surprise_engweighted_xlag1,0.0,0.0,0.0,0.0,0.0,0.0,0.0,0.0,0.0,1.0,,False,False,False,r_spx_mach
surprise_engweighted_topicweighted_xlag1,0.0,0.0,0.0,0.0,0.0,0.0,0.0,0.0,0.0,1.0,,False,False,False,r_spx_mach
surprise_topicweighted_xlag1,0.0,0.0,0.0,0.0,0.0,0.0,0.0,0.0,0.0,1.0,,False,False,False,r_spx_mach
surprise_xlag2,-0.0,0.0,0.0,0.0,0.0,0.0,0.0,-0.0,0.0,1.0,,False,False,False,r_spx_mach
surprise_engweighted_xlag2,-0.0,0.0,0.0,0.0,0.0,0.0,0.0,-0.0,0.0,1.0,,False,False,False,r_spx_mach
surprise_engweighted_topicweighted_xlag2,0.0,0.0,0.0,0.0,0.0,0.0,0.0,-0.0,0.0,1.0,,False,False,False,r_spx_mach
surprise_topicweighted_xlag2,0.0,0.0,0.0,0.0,0.0,0.0,0.0,-0.0,0.0,1.0,,False,False,False,r_spx_mach
split_xlag0,0.0,0.0,0.0,0.0,0.0,0.0,0.0,0.0,0.0,1.0,,False,False,False,r_spx_mach
split_xlag1,0.0,0.0,0.0,0.0,0.0,0.0,0.0,0.0,0.0,1.0,,False,False,False,r_spx_mach
split_xlag2,0.0,0.0,0.0,0.0,0.0,0.0,0.0,0.0,0.0,1.0,,False,False,False,r_spx_mach
split_xlag3,0.0,0.0,0.0,0.0,0.0,0.0,0.0,0.0,0.0,1.0,,False,False,False,r_spx_mach
r_btc_lag1,0.0,0.0,0.0,0.0,0.0,0.0,0.0,0.0,0.0,1.0,,False,False,False,r_spx_elec
r_gold_lag1,0.0,0.0,0.0,0.0,0.0,0.0,0.0,0.0,0.0,1.0,,False,False,False,r_spx_elec
r_spx_lag1,0.0,0.0,0.0,0.0,0.0,0.0,0.0,0.0,0.0,1.0,,False,False,False,r_spx_elec
r_spx_auto_lag1,0.0,0.0,0.0,0.0,0.0,0.0,0.0,0.0,0.0,1.0,,False,False,False,r_spx_elec
r_spx_oilgas_lag1,0.0,0.0,0.0,0.0,0.0,0.0,0.0,0.0,0.0,1.0,,False,False,False,r_spx_elec
r_spx_mach_lag1,0.0,0.0,0.0,0.0,0.0,0.0,0.0,0.0,0.0,1.0,,False,False,False,r_spx_elec
r_spx_elec_lag1,0.0,0.0,0.0,0.0,0.0,0.0,0.0,0.0,0.0,1.0,,False,False,False,r_spx_elec
r_aapl_lag1,0.0,0.0,0.0,0.0,0.0,0.0,0.0,0.0,0.0,1.0,,False,False,False,r_spx_elec
r_btc_lag2,0.0,3.0404403870613326e-05,9.619527679960287e-07,0.0,0.0,0.0,0.0,0.0,0.0,1.0,,False,False,False,r_spx_elec
r_gold_lag2,-0.0,0.0,0.0,-0.0,0.0,0.0,0.0,0.0,0.0,1.0,,False,False,False,r_spx_elec
r_spx_lag2,-0.0,0.0,0.0,0.0,0.0,-0.0,0.0,-0.0,0.0,1.0,,False,False,False,r_spx_elec
r_spx_auto_lag2,-0.0,0.0,0.0,-0.0,0.0,0.0,0.0,0.0,0.0,1.0,,False,False,False,r_spx_elec
r_spx_oilgas_lag2,-0.0,0.0,0.0,0.0,0.0,0.0,0.0,-0.0,0.0,1.0,,False,False,False,r_spx_elec
r_spx_mach_lag2,0.0,0.0,0.0,0.0,0.0,0.0,0.0,0.0,0.0,1.0,,False,False,False,r_spx_elec
r_spx_elec_lag2,-0.0,0.0,0.0,-0.0,0.0,0.0,0.0,0.0,0.0,1.0,,False,False,False,r_spx_elec
r_aapl_lag2,-0.0,0.0,0.0,-0.0,0.0,0.0,0.0,0.0,0.0,1.0,,False,False,False,r_spx_elec
dln_eurusd_xlag0,-0.0,0.0,0.0,0.0,0.0,-0.0,0.0,-0.0,0.0,1.0,,False,False,False,r_spx_elec
dln_usdcny_xlag0,-0.0,0.0,0.0,-0.0,0.0,0.0,0.0,-0.0,0.0,1.0,,False,False,False,r_spx_elec
dln_oil_xlag0,-0.0,0.00014140353047702717,-1.1952711744615503e-05,-0.001043869425259501,0.0,-0.0,0.0,-0.0,0.0,1.0,,False,False,False,r_spx_elec
dy10_xlag0,-0.0,0.0,0.0,0.0,0.0,0.0,0.0,0.0,0.0,1.0,,False,False,False,r_spx_elec
dln_eurusd_xlag1,0.0,0.0,0.0,0.0,0.0,0.0,0.0,0.0,0.0,1.0,,False,False,False,r_spx_elec
dln_usdcny_xlag1,0.0,0.0,0.0,0.0,0.0,0.0,0.0,0.0,0.0,1.0,,False,False,False,r_spx_elec
dln_oil_xlag1,-0.0,0.0,0.0,0.0,0.0,-0.0,0.0,0.0,0.0,1.0,,False,False,False,r_spx_elec
dy10_xlag1,0.0,0.0,0.0,0.0,0.0,0.0,0.0,0.0,0.0,1.0,,False,False,False,r_spx_elec
ei_community_xlag0,0.0,0.0,0.0,-0.0,0.0,-0.0,0.0,-0.0,0.0,1.0,,False,False,False,r_spx_elec
ei_community_topicweighted_xlag0,0.0,0.0,0.0,-0.0,0.0,-0.0,0.0,-0.0,0.0,1.0,,False,False,False,r_spx_elec
ei_creator_xlag0,-0.0,0.0,0.0,0.0,0.0,-0.0,0.0,-0.0,0.0,1.0,,False,False,False,r_spx_elec
ei_creator_engweighted_xlag0,-0.0,0.0,0.0,0.0,0.0,-0.0,0.0,-0.0,0.0,1.0,,False,False,False,r_spx_elec
ei_creator_engweighted_topicweighted_xlag0,-0.0,0.0,0.0,-0.0,0.0,-0.0,0.0,-0.0,0.0,1.0,,False,False,False,r_spx_elec
ei_creator_topicweighted_xlag0,-0.0,0.0,0.0,-0.0,0.0,-0.0,0.0,-0.0,0.0,1.0,,False,False,False,r_spx_elec
ei_community_xlag1,0.0,0.0,0.0,0.0,0.0,-0.0,0.0,0.0,0.0,1.0,,False,False,False,r_spx_elec
ei_community_topicweighted_xlag1,0.0,0.0,0.0,0.0,0.0,-0.0,0.0,0.0,0.0,1.0,,False,False,False,r_spx_elec
ei_creator_xlag1,0.0,0.0,0.0,-0.0,0.0,0.0,0.0,0.0,0.0,1.0,,False,False,False,r_spx_elec
ei_creator_engweighted_xlag1,0.0,0.0,0.0,-0.0,0.0,0.0,0.0,0.0,0.0,1.0,,False,False,False,r_spx_elec
ei_creator_engweighted_topicweighted_xlag1,0.0,0.0,0.0,-0.0,0.0,0.0,0.0,0.0,0.0,1.0,,False,False,False,r_spx_elec
ei_creator_topicweighted_xlag1,0.0,0.0,0.0,-0.0,0.0,0.0,0.0,0.0,0.0,1.0,,False,False,False,r_spx_elec
ei_community_xlag2,0.0,0.0,0.0,0.0,0.0,0.0,0.0,0.0,0.0,1.0,,False,False,False,r_spx_elec
ei_community_topicweighted_xlag2,0.0,0.0,0.0,0.0,0.0,0.0,0.0,0.0,0.0,1.0,,False,False,False,r_spx_elec
ei_creator_xlag2,-0.0,0.0,0.0,0.0,0.0,0.0,0.0,0.0,0.0,1.0,,False,False,False,r_spx_elec
ei_creator_engweighted_xlag2,-0.0,0.0,0.0,0.0,0.0,0.0,0.0,0.0,0.0,1.0,,False,False,False,r_spx_elec
ei_creator_engweighted_topicweighted_xlag2,-0.0,0.0,0.0,-0.0,0.0,-0.0,0.0,-0.0,0.0,1.0,,False,False,False,r_spx_elec
ei_creator_topicweighted_xlag2,-0.0,0.0,0.0,-0.0,0.0,-0.0,0.0,-0.0,0.0,1.0,,False,False,False,r_spx_elec
epi_xlag0,0.0,0.0,0.0,0.0,0.0,0.0,0.0,0.0,0.0,1.0,,False,False,False,r_spx_elec
epi_engweighted_xlag0,0.0,0.0,0.0,0.0,0.0,0.0,0.0,0.0,0.0,1.0,,False,False,False,r_spx_elec
epi_engweighted_topicweighted_xlag0,0.0,0.0,0.0,0.0,0.0,0.0,0.0,0.0,0.0,1.0,,False,False,False,r_spx_elec
epi_signed_xlag0,0.0,0.0,0.0,0.0,0.0,-0.0,0.0,-0.0,0.0,1.0,,False,False,False,r_spx_elec
epi_signed_engweighted_xlag0,0.0,0.0,0.0,0.0,0.0,-0.0,0.0,-0.0,0.0,1.0,,False,False,False,r_spx_elec
epi_signed_engweighted_topicweighted_xlag0,-0.0,0.0,0.0,-0.0,0.0,-0.0,0.0,-0.0,0.0,1.0,,False,False,False,r_spx_elec
epi_signed_topicweighted_xlag0,0.0,0.0,0.0,0.0,0.0,0.0,0.0,0.0,0.0,1.0,,False,False,False,r_spx_elec
epi_topicweighted_xlag0,-0.0,0.0,0.0,0.0,0.0,0.0,0.0,-0.0,0.0,1.0,,False,False,False,r_spx_elec
epi_xlag1,-0.0,0.0,0.0,-0.0,0.0,0.0,0.0,-0.0,0.0,1.0,,False,False,False,r_spx_elec
epi_engweighted_xlag1,-0.0,0.0,0.0,-0.0,0.0,0.0,0.0,-0.0,0.0,1.0,,False,False,False,r_spx_elec
epi_engweighted_topicweighted_xlag1,-0.0,0.0,0.0,0.0,0.0,0.0,0.0,-0.0,0.0,1.0,,False,False,False,r_spx_elec
epi_signed_xlag1,0.0,0.0,0.0,0.0,0.0,0.0,0.0,0.0,0.0,1.0,,False,False,False,r_spx_elec
epi_signed_engweighted_xlag1,0.0,0.0,0.0,0.0,0.0,0.0,0.0,0.0,0.0,1.0,,False,False,False,r_spx_elec
epi_signed_engweighted_topicweighted_xlag1,0.0,0.0,0.0,0.0,0.0,0.0,0.0,0.0,0.0,1.0,,False,False,False,r_spx_elec
epi_signed_topicweighted_xlag1,0.0,0.0,0.0,0.0,0.0,-0.0,0.0,-0.0,0.0,1.0,,False,False,False,r_spx_elec
epi_topicweighted_xlag1,-0.0,0.0,0.0,-0.0,0.0,-0.0,0.0,0.0,0.0,1.0,,False,False,False,r_spx_elec
epi_xlag2,-0.0,0.0,0.0,-0.0,0.0,-0.0,0.0,0.0,0.0,1.0,,False,False,False,r_spx_elec
epi_engweighted_xlag2,-0.0,0.0,0.0,-0.0,0.0,-0.0,0.0,0.0,0.0,1.0,,False,False,False,r_spx_elec
epi_engweighted_topicweighted_xlag2,-0.0,0.0,0.0,0.0,0.0,0.0,0.0,0.0,0.0,1.0,,False,False,False,r_spx_elec
epi_signed_xlag2,-0.0,0.0,0.0,0.0,0.0,0.0,0.0,0.0,0.0,1.0,,False,False,False,r_spx_elec
epi_signed_engweighted_xlag2,-0.0,0.0,0.0,0.0,0.0,0.0,0.0,0.0,0.0,1.0,,False,False,False,r_spx_elec
epi_signed_engweighted_topicweighted_xlag2,-0.0,0.0,0.0,-0.0,0.0,-0.0,0.0,-0.0,0.0,1.0,,False,False,False,r_spx_elec
epi_signed_topicweighted_xlag2,-0.0,0.0,0.0,-0.0,0.0,-0.0,0.0,0.0,0.0,1.0,,False,False,False,r_spx_elec
epi_topicweighted_xlag2,-0.0,0.0,0.0,-0.0,0.0,-0.0,0.0,-0.0,0.0,1.0,,False,False,False,r_spx_elec
epi_xlag3,0.0,0.0,0.0,-0.0,0.0,0.0,0.0,0.0,0.0,1.0,,False,False,False,r_spx_elec
epi_engweighted_xlag3,0.0,0.0,0.0,-0.0,0.0,0.0,0.0,0.0,0.0,1.0,,False,False,False,r_spx_elec
epi_engweighted_topicweighted_xlag3,-0.0,0.0,0.0,0.0,0.0,-0.0,0.0,0.0,0.0,1.0,,False,False,False,r_spx_elec
epi_signed_xlag3,0.0,0.0002091541553069165,2.953341239330189e-05,0.0,0.0015171444804650375,0.0,0.00022308654351514654,0.0,0.0,1.0,,False,False,False,r_spx_elec
epi_signed_engweighted_xlag3,0.0,0.00010217988072726407,1.2769771983099004e-05,0.0,0.0008822206716572936,0.0,0.0,0.0,0.0,1.0,,False,False,False,r_spx_elec
epi_signed_engweighted_topicweighted_xlag3,0.0,0.0,0.0,0.0,0.0,0.0,0.0,0.0,0.0,1.0,,False,False,False,r_spx_elec
epi_signed_topicweighted_xlag3,0.0,0.0,0.0,0.0,0.0,0.0,0.0,0.0,0.0,1.0,,False,False,False,r_spx_elec
epi_topicweighted_xlag3,-0.0,0.0,0.0,0.0,0.0,-0.0,0.0,0.0,0.0,1.0,,False,False,False,r_spx_elec
ccd_xlag0,0.0,0.0,0.0,0.0,0.0,0.0,0.0,0.0,0.0,1.0,,False,False,False,r_spx_elec
ccd_engweighted_xlag0,0.0,0.0,0.0,0.0,0.0,0.0,0.0,0.0,0.0,1.0,,False,False,False,r_spx_elec
ccd_engweighted_topicweighted_xlag0,0.0,0.0,0.0,0.0,0.0,0.0,0.0,0.0,0.0,1.0,,False,False,False,r_spx_elec
ccd_topicweighted_xlag0,-0.0,0.0,0.0,0.0,0.0,0.0,0.0,-0.0,0.0,1.0,,False,False,False,r_spx_elec
ccd_xlag1,-0.0,0.0,0.0,-0.0,0.0,0.0,0.0,0.0,0.0,1.0,,False,False,False,r_spx_elec
ccd_engweighted_xlag1,-0.0,0.0,0.0,-0.0,0.0,0.0,0.0,0.0,0.0,1.0,,False,False,False,r_spx_elec
ccd_engweighted_topicweighted_xlag1,-0.0,0.0,0.0,0.0,0.0,0.0,0.0,-0.0,0.0,1.0,,False,False,False,r_spx_elec
ccd_topicweighted_xlag1,-0.0,0.0,0.0,-0.0,0.0,-0.0,0.0,0.0,0.0,1.0,,False,False,False,r_spx_elec
ccd_xlag2,-0.0,0.0,0.0,-0.0,0.0,-0.0,0.0,-0.0,0.0,1.0,,False,False,False,r_spx_elec
ccd_engweighted_xlag2,-0.0,0.0,0.0,-0.0,0.0,-0.0,0.0,-0.0,0.0,1.0,,False,False,False,r_spx_elec
ccd_engweighted_topicweighted_xlag2,-0.0,0.0,0.0,0.0,0.0,0.0,0.0,0.0,0.0,1.0,,False,False,False,r_spx_elec
ccd_topicweighted_xlag2,-0.0,0.0,0.0,-0.0,0.0,-0.0,0.0,-0.0,0.0,1.0,,False,False,False,r_spx_elec
ccd_xlag3,0.0,0.0,0.0,-0.0,0.0,0.0,0.0,0.0,0.0,1.0,,False,False,False,r_spx_elec
ccd_engweighted_xlag3,0.0,0.0,0.0,-0.0,0.0,0.0,0.0,0.0,0.0,1.0,,False,False,False,r_spx_elec
ccd_engweighted_topicweighted_xlag3,-0.0,0.0,0.0,0.0,0.0,-0.0,0.0,0.0,0.0,1.0,,False,False,False,r_spx_elec
ccd_topicweighted_xlag3,-0.0,0.0,0.0,0.0,0.0,-0.0,0.0,0.0,0.0,1.0,,False,False,False,r_spx_elec
intensity_xlag0,0.0,2.4030859455935496e-05,1.0674035036881175e-06,0.0,0.0,0.0,0.0,0.0,0.0,1.0,,False,False,False,r_spx_elec
intensity_engweighted_xlag0,0.0,0.0,0.0,0.0,0.0,0.0,0.0,0.0,0.0,1.0,,False,False,False,r_spx_elec
intensity_engweighted_topicweighted_xlag0,0.0,0.0,0.0,0.0,0.0,0.0,0.0,0.0,0.0,1.0,,False,False,False,r_spx_elec
intensity_topicweighted_xlag0,0.0,0.0,0.0,0.0,0.0,0.0,0.0,0.0,0.0,1.0,,False,False,False,r_spx_elec
intensity_xlag1,-0.0,0.0,0.0,0.0,0.0,-0.0,0.0,-0.0,0.0,1.0,,False,False,False,r_spx_elec
intensity_engweighted_xlag1,-0.0,0.0,0.0,0.0,0.0,-0.0,0.0,-0.0,0.0,1.0,,False,False,False,r_spx_elec
intensity_engweighted_topicweighted_xlag1,-0.0,0.0,0.0,0.0,0.0,0.0,0.0,-0.0,0.0,1.0,,False,False,False,r_spx_elec
intensity_topicweighted_xlag1,-0.0,0.0,0.0,0.0,0.0,0.0,0.0,0.0,0.0,1.0,,False,False,False,r_spx_elec
intensity_xlag2,-0.0,0.0,0.0,-0.0,0.0,0.0,0.0,0.0,0.0,1.0,,False,False,False,r_spx_elec
intensity_engweighted_xlag2,-0.0,0.0,0.0,-0.0,0.0,0.0,0.0,0.0,0.0,1.0,,False,False,False,r_spx_elec
intensity_engweighted_topicweighted_xlag2,-0.0,0.0,0.0,0.0,0.0,0.0,0.0,0.0,0.0,1.0,,False,False,False,r_spx_elec
intensity_topicweighted_xlag2,-0.0,0.0,0.0,-0.0,0.0,-0.0,0.0,0.0,0.0,1.0,,False,False,False,r_spx_elec
surprise_xlag0,0.0,0.00010869089241593598,7.161108523649924e-06,0.0,0.00035080870404931297,0.0,0.0,0.0,0.0,1.0,,False,False,False,r_spx_elec
surprise_engweighted_xlag0,0.0,2.3851570262309758e-05,7.798649099662101e-07,0.0,0.0,0.0,0.0,0.0,0.0,1.0,,False,False,False,r_spx_elec
surprise_engweighted_topicweighted_xlag0,0.0,6.433160592098048e-05,2.8333759949615935e-06,0.0,0.0,0.0,0.0,0.0,0.0,1.0,,False,False,False,r_spx_elec
surprise_topicweighted_xlag0,0.0,0.00011278608499494004,8.856096304846325e-06,0.0,0.0007759051736465411,0.0,0.0,0.0,0.0,1.0,,False,False,False,r_spx_elec
surprise_xlag1,0.0,0.0,0.0,-0.0,0.0,0.0,0.0,0.0,0.0,1.0,,False,False,False,r_spx_elec
surprise_engweighted_xlag1,0.0,0.0,0.0,-0.0,0.0,0.0,0.0,0.0,0.0,1.0,,False,False,False,r_spx_elec
surprise_engweighted_topicweighted_xlag1,0.0,0.0,0.0,0.0,0.0,0.0,0.0,0.0,0.0,1.0,,False,False,False,r_spx_elec
surprise_topicweighted_xlag1,0.0,0.0,0.0,0.0,0.0,0.0,0.0,0.0,0.0,1.0,,False,False,False,r_spx_elec
surprise_xlag2,-0.0,0.0,0.0,-0.0,0.0,0.0,0.0,-0.0,0.0,1.0,,False,False,False,r_spx_elec
surprise_engweighted_xlag2,-0.0,0.0,0.0,-0.0,0.0,0.0,0.0,-0.0,0.0,1.0,,False,False,False,r_spx_elec
surprise_engweighted_topicweighted_xlag2,-0.0,0.0,0.0,0.0,0.0,0.0,0.0,-0.0,0.0,1.0,,False,False,False,r_spx_elec
surprise_topicweighted_xlag2,0.0,0.0,0.0,0.0,0.0,0.0,0.0,-0.0,0.0,1.0,,False,False,False,r_spx_elec
split_xlag0,0.0,0.0,0.0,-0.0,0.0,0.0,0.0,0.0,0.0,1.0,,False,False,False,r_spx_elec
split_xlag1,0.0,0.0,0.0,0.0,0.0,0.0,0.0,0.0,0.0,1.0,,False,False,False,r_spx_elec
split_xlag2,0.0,0.0,0.0,0.0,0.0,0.0,0.0,0.0,0.0,1.0,,False,False,False,r_spx_elec
split_xlag3,0.0,0.0,0.0,0.0,0.0,0.0,0.0,0.0,0.0,1.0,,False,False,False,r_spx_elec
r_btc_lag1,0.0,0.0,0.0,0.0,0.0,0.0,0.0,0.0,0.0,1.0,,False,False,False,r_aapl
r_gold_lag1,0.0,0.0,0.0,0.0,0.0,0.0,0.0,-0.0,0.0,1.0,,False,False,False,r_aapl
r_spx_lag1,0.0,4.6463624570763546e-07,1.4700440257660834e-08,0.0,0.0,0.0,0.0,0.0,0.0,1.0,,False,False,False,r_aapl
r_spx_auto_lag1,0.0,0.0,0.0,0.0,0.0,0.0,0.0,0.0,0.0,1.0,,False,False,False,r_aapl
r_spx_oilgas_lag1,0.0,5.760404472001648e-05,2.2741092954748267e-06,0.0,0.0,0.0,0.0,0.0,0.0,1.0,,False,False,False,r_aapl
r_spx_mach_lag1,0.0,1.9664278557298996e-05,7.776311786524199e-07,0.0,0.0,0.0,0.0,0.0,0.0,1.0,,False,False,False,r_aapl
r_spx_elec_lag1,0.0,1.8625215487277916e-05,8.116679599991883e-07,0.0,0.0,0.0,0.0,0.0,0.0,1.0,,False,False,False,r_aapl
r_aapl_lag1,0.0,0.00014396941746991625,1.7417269175822717e-05,0.0,0.0009651405469058539,0.0,1.4026244897725783e-07,0.0,0.0,1.0,,False,False,False,r_aapl
r_btc_lag2,0.0,4.735073116578885e-05,2.823364936393431e-06,0.0,3.8810376186254887e-07,0.0,0.0,0.0,0.0,1.0,,False,False,False,r_aapl
r_gold_lag2,0.0,0.0,0.0,0.0,0.0,0.0,0.0,0.0,0.0,1.0,,False,False,False,r_aapl
r_spx_lag2,0.0,0.0,0.0,0.0,0.0,0.0,0.0,0.0,0.0,1.0,,False,False,False,r_aapl
r_spx_auto_lag2,0.0,0.0,0.0,0.0,0.0,0.0,0.0,0.0,0.0,1.0,,False,False,False,r_aapl
r_spx_oilgas_lag2,0.0,0.0,0.0,0.0,0.0,0.0,0.0,0.0,0.0,1.0,,False,False,False,r_aapl
r_spx_mach_lag2,0.0,0.0,0.0,0.0,0.0,0.0,0.0,0.0,0.0,1.0,,False,False,False,r_aapl
r_spx_elec_lag2,0.0,0.0,0.0,0.0,0.0,0.0,0.0,0.0,0.0,1.0,,False,False,False,r_aapl
r_aapl_lag2,0.0,0.0,0.0,0.0,0.0,0.0,0.0,0.0,0.0,1.0,,False,False,False,r_aapl
dln_eurusd_xlag0,-0.0,0.0,0.0,-0.0,0.0,-0.0,0.0,-0.0,0.0,1.0,,False,False,False,r_aapl
dln_usdcny_xlag0,0.0,0.0,0.0,0.0,0.0,0.0,0.0,0.0,0.0,1.0,,False,False,False,r_aapl
dln_oil_xlag0,-0.0,0.00018546968853306182,-1.7205957463811904e-05,-0.0012484662095599295,0.0,0.0,0.0,0.0,0.0,1.0,,False,False,False,r_aapl
dy10_xlag0,0.0,0.0,0.0,0.0,0.0,0.0,0.0,0.0,0.0,1.0,,False,False,False,r_aapl
dln_eurusd_xlag1,0.0,0.0,0.0,0.0,0.0,0.0,0.0,0.0,0.0,1.0,,False,False,False,r_aapl
dln_usdcny_xlag1,0.0,0.0,0.0,0.0,0.0,0.0,0.0,0.0,0.0,1.0,,False,False,False,r_aapl
dln_oil_xlag1,-0.0,0.0,0.0,-0.0,0.0,-0.0,0.0,0.0,0.0,1.0,,False,False,False,r_aapl
dy10_xlag1,0.0,0.0,0.0,0.0,0.0,0.0,0.0,0.0,0.0,1.0,,False,False,False,r_aapl
ei_community_xlag0,-0.0,0.0,0.0,0.0,0.0,0.0,0.0,0.0,0.0,1.0,,False,False,False,r_aapl
ei_community_topicweighted_xlag0,0.0,0.0,0.0,0.0,0.0,0.0,0.0,0.0,0.0,1.0,,False,False,False,r_aapl
ei_creator_xlag0,-0.0,0.0,0.0,0.0,0.0,-0.0,0.0,-0.0,0.0,1.0,,False,False,False,r_aapl
ei_creator_engweighted_xlag0,-0.0,0.0,0.0,0.0,0.0,-0.0,0.0,-0.0,0.0,1.0,,False,False,False,r_aapl
ei_creator_engweighted_topicweighted_xlag0,0.0,0.0,0.0,0.0,0.0,0.0,0.0,0.0,0.0,1.0,,False,False,False,r_aapl
ei_creator_topicweighted_xlag0,0.0,0.0,0.0,0.0,0.0,0.0,0.0,0.0,0.0,1.0,,False,False,False,r_aapl
ei_community_xlag1,0.0,0.0,0.0,-0.0,0.0,0.0,0.0,0.0,0.0,1.0,,False,False,False,r_aapl
ei_community_topicweighted_xlag1,0.0,0.0,0.0,-0.0,0.0,0.0,0.0,0.0,0.0,1.0,,False,False,False,r_aapl
ei_creator_xlag1,-0.0,0.0,0.0,-0.0,0.0,-0.0,0.0,0.0,0.0,1.0,,False,False,False,r_aapl
ei_creator_engweighted_xlag1,-0.0,0.0,0.0,-0.0,0.0,-0.0,0.0,0.0,0.0,1.0,,False,False,False,r_aapl
ei_creator_engweighted_topicweighted_xlag1,-0.0,0.0,0.0,-0.0,0.0,0.0,0.0,0.0,0.0,1.0,,False,False,False,r_aapl
ei_creator_topicweighted_xlag1,-0.0,0.0,0.0,-0.0,0.0,0.0,0.0,0.0,0.0,1.0,,False,False,False,r_aapl
ei_community_xlag2,0.0,0.0,0.0,0.0,0.0,0.0,0.0,0.0,0.0,1.0,,False,False,False,r_aapl
ei_community_topicweighted_xlag2,0.0,0.0,0.0,0.0,0.0,0.0,0.0,0.0,0.0,1.0,,False,False,False,r_aapl
ei_creator_xlag2,-0.0,0.0,0.0,0.0,0.0,-0.0,0.0,0.0,0.0,1.0,,False,False,False,r_aapl
ei_creator_engweighted_xlag2,-0.0,0.0,0.0,0.0,0.0,-0.0,0.0,0.0,0.0,1.0,,False,False,False,r_aapl
ei_creator_engweighted_topicweighted_xlag2,-0.0,0.0,0.0,0.0,0.0,-0.0,0.0,-0.0,0.0,1.0,,False,False,False,r_aapl
ei_creator_topicweighted_xlag2,-0.0,0.0,0.0,0.0,0.0,-0.0,0.0,-0.0,0.0,1.0,,False,False,False,r_aapl
epi_xlag0,0.0,5.173062347226403e-06,1.636684496465377e-07,0.0,0.0,0.0,0.0,0.0,0.0,1.0,,False,False,False,r_aapl
epi_engweighted_xlag0,0.0,5.941952175402244e-06,1.8799504725539986e-07,0.0,0.0,0.0,0.0,0.0,0.0,1.0,,False,False,False,r_aapl
epi_engweighted_topicweighted_xlag0,0.0,0.0,0.0,0.0,0.0,0.0,0.0,0.0,0.0,1.0,,False,False,False,r_aapl
epi_signed_xlag0,0.0,0.0,0.0,0.0,0.0,-0.0,0.0,-0.0,0.0,1.0,,False,False,False,r_aapl
epi_signed_engweighted_xlag0,0.0,0.0,0.0,0.0,0.0,-0.0,0.0,-0.0,0.0,1.0,,False,False,False,r_aapl
epi_signed_engweighted_topicweighted_xlag0,0.0,0.0,0.0,0.0,0.0,0.0,0.0,0.0,0.0,1.0,,False,False,False,r_aapl
epi_signed_topicweighted_xlag0,0.0,0.0,0.0,0.0,0.0,0.0,0.0,-0.0,0.0,1.0,,False,False,False,r_aapl
epi_topicweighted_xlag0,0.0,0.0,0.0,0.0,0.0,0.0,0.0,0.0,0.0,1.0,,False,False,False,r_aapl
epi_xlag1,0.0,0.0,0.0,0.0,0.0,0.0,0.0,0.0,0.0,1.0,,False,False,False,r_aapl
epi_engweighted_xlag1,0.0,0.0,0.0,0.0,0.0,0.0,0.0,0.0,0.0,1.0,,False,False,False,r_aapl
epi_engweighted_topicweighted_xlag1,-0.0,0.0,0.0,0.0,0.0,-0.0,0.0,-0.0,0.0,1.0,,False,False,False,r_aapl
epi_signed_xlag1,-0.0,0.0,0.0,-0.0,0.0,0.0,0.0,-0.0,0.0,1.0,,False,False,False,r_aapl
epi_signed_engweighted_xlag1,-0.0,0.0,0.0,-0.0,0.0,0.0,0.0,0.0,0.0,1.0,,False,False,False,r_aapl
epi_signed_engweighted_topicweighted_xlag1,-0.0,0.0,0.0,-0.0,0.0,0.0,0.0,0.0,0.0,1.0,,False,False,False,r_aapl
epi_signed_topicweighted_xlag1,-0.0,0.0,0.0,0.0,0.0,0.0,0.0,0.0,0.0,1.0,,False,False,False,r_aapl
epi_topicweighted_xlag1,-0.0,0.0,0.0,-0.0,0.0,0.0,0.0,0.0,0.0,1.0,,False,False,False,r_aapl
epi_xlag2,-0.0,0.0,0.0,0.0,0.0,0.0,0.0,0.0,0.0,1.0,,False,False,False,r_aapl
epi_engweighted_xlag2,-0.0,0.0,0.0,0.0,0.0,0.0,0.0,0.0,0.0,1.0,,False,False,False,r_aapl
epi_engweighted_topicweighted_xlag2,-0.0,0.0,0.0,-0.0,0.0,0.0,0.0,0.0,0.0,1.0,,False,False,False,r_aapl
epi_signed_xlag2,0.0,0.0,0.0,0.0,0.0,0.0,0.0,0.0,0.0,1.0,,False,False,False,r_aapl
epi_signed_engweighted_xlag2,0.0,0.0,0.0,0.0,0.0,0.0,0.0,0.0,0.0,1.0,,False,False,False,r_aapl
epi_signed_engweighted_topicweighted_xlag2,-0.0,0.0,0.0,-0.0,0.0,-0.0,0.0,-0.0,0.0,1.0,,False,False,False,r_aapl
epi_signed_topicweighted_xlag2,-0.0,0.0,0.0,-0.0,0.0,-0.0,0.0,-0.0,0.0,1.0,,False,False,False,r_aapl
epi_topicweighted_xlag2,-0.0,0.0,0.0,0.0,0.0,-0.0,0.0,-0.0,0.0,1.0,,False,False,False,r_aapl
epi_xlag3,0.0,7.681978982276932e-05,5.763201411808439e-06,0.0,0.00023195731364631796,-0.0,0.0,0.0,0.0,1.0,,False,False,False,r_aapl
epi_engweighted_xlag3,0.0,0.0002172519002955065,3.0859518403326014e-05,0.0,0.0018633154159731708,0.0,0.00022701856044073272,-0.0,0.0,1.0,,False,False,False,r_aapl
epi_engweighted_topicweighted_xlag3,0.0,0.0,0.0,0.0,0.0,0.0,0.0,0.0,0.0,1.0,,False,False,False,r_aapl
epi_signed_xlag3,0.0,0.0008298199413229825,0.00035772995240942275,0.0,0.004266657759223084,0.0,0.0030128807488109186,0.0,0.0022981617111697402,1.0,,False,False,False,r_aapl
epi_signed_engweighted_xlag3,0.0,0.0004356164081335788,0.00011726865177832622,0.0,0.0027076204807491753,0.0,0.0016509774004778968,0.0,0.0009022434084385346,1.0,,False,False,False,r_aapl
epi_signed_engweighted_topicweighted_xlag3,0.0,0.0,0.0,0.0,0.0,0.0,0.0,0.0,0.0,1.0,,False,False,False,r_aapl
epi_signed_topicweighted_xlag3,0.0,0.0,0.0,0.0,0.0,0.0,0.0,0.0,0.0,1.0,,False,False,False,r_aapl
epi_topicweighted_xlag3,0.0,0.0,0.0,-0.0,0.0,0.0,0.0,0.0,0.0,1.0,,False,False,False,r_aapl
ccd_xlag0,0.0,0.0,0.0,0.0,0.0,0.0,0.0,0.0,0.0,1.0,,False,False,False,r_aapl
ccd_engweighted_xlag0,0.0,0.0,0.0,0.0,0.0,0.0,0.0,0.0,0.0,1.0,,False,False,False,r_aapl
ccd_engweighted_topicweighted_xlag0,0.0,0.0,0.0,0.0,0.0,0.0,0.0,0.0,0.0,1.0,,False,False,False,r_aapl
ccd_topicweighted_xlag0,0.0,0.0,0.0,0.0,0.0,0.0,0.0,0.0,0.0,1.0,,False,False,False,r_aapl
ccd_xlag1,0.0,0.0,0.0,0.0,0.0,0.0,0.0,0.0,0.0,1.0,,False,False,False,r_aapl
ccd_engweighted_xlag1,0.0,0.0,0.0,0.0,0.0,0.0,0.0,0.0,0.0,1.0,,False,False,False,r_aapl
ccd_engweighted_topicweighted_xlag1,-0.0,0.0,0.0,0.0,0.0,-0.0,0.0,-0.0,0.0,1.0,,False,False,False,r_aapl
ccd_topicweighted_xlag1,-0.0,0.0,0.0,-0.0,0.0,0.0,0.0,0.0,0.0,1.0,,False,False,False,r_aapl
ccd_xlag2,-0.0,0.0,0.0,0.0,0.0,-0.0,0.0,-0.0,0.0,1.0,,False,False,False,r_aapl
ccd_engweighted_xlag2,-0.0,0.0,0.0,0.0,0.0,0.0,0.0,-0.0,0.0,1.0,,False,False,False,r_aapl
ccd_engweighted_topicweighted_xlag2,-0.0,0.0,0.0,-0.0,0.0,0.0,0.0,0.0,0.0,1.0,,False,False,False,r_aapl
ccd_topicweighted_xlag2,-0.0,0.0,0.0,0.0,0.0,-0.0,0.0,-0.0,0.0,1.0,,False,False,False,r_aapl
ccd_xlag3,0.0,0.0,0.0,-0.0,0.0,0.0,0.0,0.0,0.0,1.0,,False,False,False,r_aapl
ccd_engweighted_xlag3,0.0,0.0,0.0,-0.0,0.0,0.0,0.0,0.0,0.0,1.0,,False,False,False,r_aapl
ccd_engweighted_topicweighted_xlag3,0.0,0.0,0.0,0.0,0.0,0.0,0.0,0.0,0.0,1.0,,False,False,False,r_aapl
ccd_topicweighted_xlag3,0.0,0.0,0.0,-0.0,0.0,0.0,0.0,0.0,0.0,1.0,,False,False,False,r_aapl
intensity_xlag0,0.0,8.209600419677336e-05,4.560190469631966e-06,0.0,0.00018000804468122508,0.0,0.0,0.0,0.0,1.0,,False,False,False,r_aapl
intensity_engweighted_xlag0,0.0,0.0,0.0,0.0,0.0,0.0,0.0,0.0,0.0,1.0,,False,False,False,r_aapl
intensity_engweighted_topicweighted_xlag0,0.0,0.0,0.0,0.0,0.0,0.0,0.0,0.0,0.0,1.0,,False,False,False,r_aapl
intensity_topicweighted_xlag0,0.0,0.0,0.0,0.0,0.0,0.0,0.0,0.0,0.0,1.0,,False,False,False,r_aapl
intensity_xlag1,0.0,0.0,0.0,0.0,0.0,0.0,0.0,-0.0,0.0,1.0,,False,False,False,r_aapl
intensity_engweighted_xlag1,0.0,0.0,0.0,0.0,0.0,0.0,0.0,-0.0,0.0,1.0,,False,False,False,r_aapl
intensity_engweighted_topicweighted_xlag1,-0.0,0.0,0.0,0.0,0.0,-0.0,0.0,-0.0,0.0,1.0,,False,False,False,r_aapl
intensity_topicweighted_xlag1,-0.0,0.0,0.0,0.0,0.0,-0.0,0.0,-0.0,0.0,1.0,,False,False,False,r_aapl
intensity_xlag2,0.0,0.0,0.0,0.0,0.0,0.0,0.0,0.0,0.0,1.0,,False,False,False,r_aapl
intensity_engweighted_xlag2,0.0,0.0,0.0,0.0,0.0,0.0,0.0,0.0,0.0,1.0,,False,False,False,r_aapl
intensity_engweighted_topicweighted_xlag2,-0.0,0.0,0.0,-0.0,0.0,0.0,0.0,0.0,0.0,1.0,,False,False,False,r_aapl
intensity_topicweighted_xlag2,-0.0,0.0,0.0,-0.0,0.0,0.0,0.0,0.0,0.0,1.0,,False,False,False,r_aapl
surprise_xlag0,0.0,0.00021351349526407647,2.493633365986907e-05,0.0,0.0018641828229379973,0.0,0.0,0.0,0.0,1.0,,False,False,False,r_aapl
surprise_engweighted_xlag0,0.0,0.0,0.0,0.0,0.0,0.0,0.0,0.0,0.0,1.0,,False,False,False,r_aapl
surprise_engweighted_topicweighted_xlag0,0.0,0.0001888927719804158,3.0219316486319495e-05,0.0,0.0014506731989821769,0.0,0.00043334697435473815,0.0,0.0,1.0,,False,False,False,r_aapl
surprise_topicweighted_xlag0,0.0,0.0008257996439024874,0.0003018462149058957,0.0,0.004076591694900352,0.0,0.0032347021113533565,0.0,0.002403369186813081,1.0,,False,False,False,r_aapl
surprise_xlag1,0.0,0.0,0.0,0.0,0.0,0.0,0.0,0.0,0.0,1.0,,False,False,False,r_aapl
surprise_engweighted_xlag1,0.0,0.0,0.0,0.0,0.0,0.0,0.0,0.0,0.0,1.0,,False,False,False,r_aapl
surprise_engweighted_topicweighted_xlag1,0.0,0.0,0.0,0.0,0.0,0.0,0.0,0.0,0.0,1.0,,False,False,False,r_aapl
surprise_topicweighted_xlag1,0.0,0.0,0.0,0.0,0.0,0.0,0.0,0.0,0.0,1.0,,False,False,False,r_aapl
surprise_xlag2,-0.0,0.0,0.0,0.0,0.0,0.0,0.0,0.0,0.0,1.0,,False,False,False,r_aapl
surprise_engweighted_xlag2,0.0,0.0,0.0,0.0,0.0,0.0,0.0,0.0,0.0,1.0,,False,False,False,r_aapl
surprise_engweighted_topicweighted_xlag2,0.0,0.0,0.0,0.0,0.0,0.0,0.0,0.0,0.0,1.0,,False,False,False,r_aapl
surprise_topicweighted_xlag2,0.0,0.0,0.0,0.0,0.0,0.0,0.0,0.0,0.0,1.0,,False,False,False,r_aapl
split_xlag0,0.0,0.0,0.0,0.0,0.0,0.0,0.0,0.0,0.0,1.0,,False,False,False,r_aapl
split_xlag1,0.0,0.0,0.0,-0.0,0.0,0.0,0.0,0.0,0.0,1.0,,False,False,False,r_aapl
split_xlag2,0.0,0.0,0.0,0.0,0.0,0.0,0.0,0.0,0.0,1.0,,False,False,False,r_aapl
split_xlag3,0.0,0.0,0.0,0.0,0.0,0.0,0.0,0.0,0.0,1.0,,False,False,False,r_aapl
