,r_btc,r_gold,r_spx,r_btc_signed,r_gold_signed,r_spx_signed,dln_eurusd,dln_usdcny,dln_oil,dy10,momentum_1d_btc,momentum_3d_btc,momentum_5d_btc,momentum_1d_gold,momentum_3d_gold,momentum_5d_gold,momentum_1d_spx,momentum_3d_spx,momentum_5d_spx
2025-01-07,0.051824282978696345,0.006912096917742971,0.011166021516636704,-0.051824282978696345,0.006912096917742971,-0.011166021516636704,-0.007831703690984473,0.00036878438027998506,0.00933641113600725,0.06500005722045898,-0.051824282978696345,0.00012324167448163337,0.007341964434787585,0.006912096917742971,-0.0002759113249185911,0.002081026778339279,-0.011166021516636704,0.0022913672293357243,0.0009295477077117198
2025-01-08,0.01957885769656542,0.0029316900271956214,0.0015591440938305112,-0.01957885769656542,0.0029316900271956214,0.0015591440938305112,0.0039390274478407206,0.000559755617949298,-0.01260435887354916,0.009999752044677734,-0.01957885769656542,-0.01057605714220422,0.001316915604085267,0.0029316900271956214,0.0024484524814788835,0.002667364783778403,0.0015591440938305112,-0.0013613703086624203,0.001241376526477822
2025-01-09,0.02729884917903469,0.007217296123673833,0.0,-0.02729884917903469,0.007217296123673833,0.0,0.0029853911379894155,0.0006959046657268875,0.008149983753407142,0.0,-0.02729884917903469,-0.032900663284765486,-0.009301596370431042,0.007217296123673833,0.005687027689537476,0.0018642504352227363,0.0,-0.003202292474268731,0.0016866491563675367
2025-01-10,0.0236932656291593,0.009161257237443543,0.015531637650232355,0.0236932656291593,0.009161257237443543,-0.015531637650232355,0.001659270076576496,8.181635432857881e-05,0.035221948576785955,0.08300018310546964,0.0236932656291593,-0.007728147082146937,-0.00706675099529761,0.009161257237443543,0.006436747796104332,0.004744782161110806,-0.015531637650232355,-0.004657497852133948,-0.003923149715243923
2025-01-13,0.0019546741777975996,0.013006500709167312,0.0015742043780537784,-0.0019546741777975996,-0.013006500709167312,0.0015742043780537784,0.00517662005799387,-5.456517168900277e-05,0.028961416755598712,0.02699995040893466,-0.0019546741777975996,-0.0018534192425576634,-0.01539267968058695,-0.013006500709167312,0.0011240175506500212,0.002643167919377731,0.0015742043780537784,-0.004652477757392859,-0.004712862138996954
2025-01-14,0.021121093071560182,0.0014950479331172772,0.0011456233341640143,0.021121093071560182,0.0014950479331172772,0.0011456233341640143,-0.0020304643763710446,-0.0002591439145893659,-0.01688883153575027,-0.014999866485595703,0.021121093071560182,0.014286561507640627,-0.000803604470535646,0.0014950479331172772,-0.0007833985128688307,0.0015597581224525924,0.0011456233341640143,-0.004270603312671521,-0.0022505331688368103
2025-01-15,0.04030666140622685,0.01298719552681149,0.018147132504516605,0.04030666140622685,0.01298719552681149,0.018147132504516605,-0.004042437584313066,0.00015006968315800506,0.03224858479460391,-0.13500022888183683,0.04030666140622685,0.01982436009999648,0.01117349935002281,0.01298719552681149,0.0004919142502538184,0.0035708592223757663,0.018147132504516605,0.006955653405578133,0.0010670645133004086
2025-01-16,0.007466135920999761,0.012420208736854121,0.002114924340865798,-0.007466135920999761,0.012420208736854121,-0.002114924340865798,0.0011228042314356847,-0.00010915118184562367,-0.01713752375435096,-0.04699993133544833,-0.007466135920999761,0.017987206185595756,0.015140042001629795,0.012420208736854121,0.008967484065594297,0.004611441745011824,-0.002114924340865798,0.0057259438326049406,0.000644079645127249
2025-01-17,0.04608745388695823,0.0007648764771968075,0.009941478308393314,0.04608745388695823,-0.0007648764771968075,0.009941478308393314,-0.0006487726813435811,0.00012274545895429867,-0.010219852162403065,0.0030002593994140625,0.04608745388695823,0.026309326457395105,0.01961887965318958,-0.0007648764771968075,0.008214175928822934,0.0026262150020837536,0.009941478308393314,0.008657895490681375,0.005738702836852383
2025-01-20,0.02368756974713726,0.0,0.0,-0.02368756974713726,0.0,0.0,0.002387192130245991,-0.0009553012817899997,0.0,0.0,-0.02368756974713726,0.004977916072940403,0.015272300539321649,0.0,0.0038851107532191045,0.005227515143917216,0.0,0.0026088513225091723,0.005423861961241627
2025-01-21,0.03968183425876326,0.0038913914786418147,0.008730009440595765,0.03968183425876326,0.0038913914786418147,0.008730009440595765,-0.013846556749465149,-0.0014619842304421926,-0.025884229863912367,-0.03500032424926758,0.03968183425876326,0.02069390613286141,0.018984448776762263,0.0038913914786418147,0.0010421716671483356,0.005706783853022123,0.008730009440595765,0.0062238292496630265,0.0069407391825279776
2025-01-22,0.02376854699304154,0.004563111323177438,0.006119181086994274,-0.02376854699304154,0.004563111323177438,0.006119181086994274,0.0014162087138606047,-0.005773261850497757,-0.005947244685811981,0.02500009536743164,-0.02376854699304154,-0.00259142749380518,0.006169407096908585,0.004563111323177438,0.0028181676006064174,0.004021967012295314,0.006119181086994274,0.004949730175863347,0.004535148899023511
2025-01-23,0.002958402684214434,0.001627280754371796,0.005299419459529275,0.002958402684214434,-0.001627280754371796,0.005299419459529275,-0.0004059067647030068,0.0,-0.010929066086830197,0.03900003433227539,0.002958402684214434,0.006290563316645385,0.008254314817951424,-0.001627280754371796,0.0022757406824824855,0.0012124691140501299,0.005299419459529275,0.006716203329039772,0.006018017659102526
2025-01-24,0.00823181116278171,0.005125977145750582,0.002859215984466701,0.00823181116278171,0.005125977145750582,-0.002859215984466701,-0.0005623255449430029,0.00206078991586911,0.0005359179363271238,-0.012000083923339844,0.00823181116278171,-0.004192777715348465,0.0006831862731161209,0.005125977145750582,0.002687269238185408,0.002390639838639608,-0.002859215984466701,0.002853128187352283,0.0034578788005305227
2025-01-27,0.02640754887237584,0.014434155176814123,0.014688059032112122,-0.02640754887237584,-0.014434155176814123,-0.014688059032112122,-0.00493893752138061,-0.005932839986544591,-0.020159046665649605,-0.09800004959106534,-0.02640754887237584,-0.005072445008459899,0.00013919044806840475,-0.014434155176814123,-0.0036451529284784456,-0.0004961911967232169,-0.014688059032112122,-0.004082618519016516,0.0005202669941080984
2025-01-28,0.007425167615396688,0.010646340249542696,0.009175644177716435,-0.007425167615396688,0.010646340249542696,0.009175644177716435,0.002153997342094309,0.0010487009946789083,0.008166623519532124,0.023000240325928623,-0.007425167615396688,-0.008533635108330273,-0.009282209926763586,0.010646340249542696,0.0004460540728263851,0.0008547985574569594,0.009175644177716435,-0.0027905436129541292,0.0006093939415322325
2025-01-29,0.023126120746530532,0.0008309575316065576,0.0046898760569202835,0.023126120746530532,0.0008309575316065576,-0.0046898760569202835,0.0015342153112613902,-6.898912292863102e-05,-0.0157116955833283,0.0039997100830078125,0.023126120746530532,-0.003568865247080666,9.672362115082933e-05,0.0008309575316065576,-0.0009856191318882896,0.00010836779914278339,-0.0046898760569202835,-0.003400763637105323,-0.001552417487250679
2025-01-30,0.009903181107727477,0.01927775634758344,0.005261548152180495,0.009903181107727477,0.01927775634758344,0.005261548152180495,0.0003649486051543402,-0.011262830763054898,0.001513596515076543,-0.0429997444152832,0.009903181107727477,0.008534711412953774,0.0014856793058534378,0.01927775634758344,0.010251684709577566,0.004289375219533831,0.005261548152180495,0.003249105424325549,-0.0015599917487204352
2025-01-31,0.022500491172309012,0.0037263817408135225,0.005059603990266837,-0.022500491172309012,-0.0037263817408135225,-0.005059603990266837,0.0026861511712287234,0.0016585412642899922,-0.0027537477775538832,0.05699968338012695,-0.022500491172309012,0.0035096035606496656,-0.004660781161164707,-0.0037263817408135225,0.0054607773794588255,0.00251890344222101,-0.005059603990266837,-0.0014959772983355417,-0.0020000693498804624
2025-02-03,0.009809208513731349,0.007580052840268081,0.007637690729495716,-0.009809208513731349,0.007580052840268081,-0.007637690729495716,0.014481990383149727,0.0006821300324897361,0.008648621033832349,-0.02599954605102539,-0.009809208513731349,-0.007468839526104294,-0.001341113089435808,0.007580052840268081,0.007710475815679334,0.00692174504563745,-0.007637690729495716,-0.0024785821891940194,-0.0005899956893571812
2025-02-04,0.03546789334061806,0.006822415916365898,0.007198907403029864,-0.03546789334061806,0.006822415916365898,0.007198907403029864,-0.007736207181283358,0.001279497277948849,-0.006307531016771506,-0.03000020980834961,-0.03546789334061806,-0.02259253100888614,-0.006949658234480083,0.006822415916365898,0.003558695671940152,0.006156960179002091,0.007198907403029864,-0.0018327957722442296,-0.0009853430442944954
2025-02-05,0.012920048753754187,0.006393163440626459,0.0039010539156141277,-0.012920048753754187,0.006393163440626459,0.0039010539156141277,-0.004388398874869019,-0.0018223887895483237,-0.02323903673808303,-0.09100008010864258,-0.012920048753754187,-0.0193990502027012,-0.014158892134537027,0.006393163440626459,0.0069318773990868126,0.007269401360806072,0.0039010539156141277,0.0011540901963827583,0.0007328429502123868
2025-02-06,0.00022926951799639994,0.00544735525046125,0.003637674355266185,-0.00022926951799639994,-0.00544735525046125,0.003637674355266185,-0.002700585593609188,0.01226111474790903,-0.005930519651741406,0.018000125885009766,-0.00022926951799639994,-0.016205737204122883,-0.016185382259681802,-0.00544735525046125,0.002589408035510369,0.002324379041197133,0.003637674355266185,0.004912545224636726,0.00040806819082952475
2025-02-07,0.0006649766736614993,0.003948792974386883,0.009509845693660424,-0.0006649766736614993,0.003948792974386883,-0.009509845693660424,0.0014550533759438919,0.002376604441532093,0.00550809086907833,0.04699993133544922,-0.0006649766736614993,-0.004604764981804029,-0.0118182793599523,0.003948792974386883,0.0016315337215173642,0.003859413984237214,-0.009509845693660424,-0.0006570391409267037,-0.0004819801498491927
2025-02-10,0.009367336465826881,0.016258833046569166,0.006690112295453687,0.009367336465826881,0.016258833046569166,0.006690112295453687,0.007161260420897174,-0.00013721509200403936,0.018420834822808096,0.006000041961669922,0.009367336465826881,0.002824363424722994,-0.007982970364040654,0.016258833046569166,0.0049200902568316,0.005595170025497431,0.006690112295453687,0.0002726469856864829,0.002383580455140688
2025-02-11,0.017497924369383355,0.000617851606475206,0.00033952514367463493,-0.017497924369383355,-0.000617851606475206,0.00033952514367463493,0.0009791022848645407,0.002426131185247815,0.013732706945136286,0.04400014877319336,-0.017497924369383355,-0.002931854859072658,-0.004388976569793712,-0.000617851606475206,0.006529924804826948,0.00410711652092921,0.00033952514367463493,-0.0008267360848440338,0.0010117040032696424
2025-02-12,0.02208831591934768,0.0012024393787539722,0.002727583189647831,0.02208831591934768,-0.0012024393787539722,-0.002727583189647831,-0.006137925470852599,0.0003695465975566137,-0.02695576734257976,0.09999990463256836,0.02208831591934768,0.004652576005263735,0.002612696364826661,-0.0012024393787539722,0.004812847353779996,0.0025879959570531243,-0.002727583189647831,0.0014340180831601639,-0.00031402341778274945
2025-02-13,0.012976316589519143,0.005792712774394637,0.010372313214235263,-0.012976316589519143,0.005792712774394637,0.010372313214235263,-0.0026050041410221256,0.00021897447866869868,-0.0011215734948457623,-0.1119999885559082,-0.012976316589519143,-0.0027953083465182735,6.32869505221123e-05,0.005792712774394637,0.0013241405963884862,0.004836009562024302,0.010372313214235263,0.002661418389420689,0.001032904354011066
2025-02-14,0.009118577917229587,0.014562544873085947,7.194639557361882e-05,0.009118577917229587,-0.014562544873085947,-7.194639557361882e-05,-0.00668355107050627,-0.002740240902863622,-0.00774492439283847,-0.05299997329712003,0.009118577917229587,0.0060768590823527075,0.0020199978687003295,-0.014562544873085947,-0.0033240904924817607,0.0011337419925297354,-7.194639557361882e-05,0.002524261209671271,0.002920484213628427
2025-02-17,0.01795955578656816,0.0,0.0,-0.01795955578656816,0.0,0.0,-0.002629283057132399,-0.004923744461988511,0.0,0.0,-0.01795955578656816,-0.007272431486285906,-0.0034453805817786787,0.0,-0.0029232773662304368,-0.002118024616784098,0.0,0.003433455606220548,0.0015824617545376896
2025-02-18,0.002444539993485151,0.016508834966771246,0.0024420036555508062,-0.002444539993485151,0.016508834966771246,0.0024420036555508062,0.00036705361688935817,0.0,0.015569437709031853,0.07200002670288175,-0.002444539993485151,-0.003761839287607908,-0.0004347037065990378,0.016508834966771246,0.0006487633645617663,0.0013073126978651929,0.0024420036555508062,0.0007900190866590625,0.002002957456912924
2025-02-19,0.01140703518992403,0.004170300117599446,0.0023741488668242994,0.01140703518992403,-0.004170300117599446,0.0023741488668242994,0.003537789455996615,0.0035234192844522116,0.005551735704513838,-0.009000301361083984,0.01140703518992403,-0.00299902019670976,-0.0025709598524837674,-0.004170300117599446,0.004112844949723933,0.000713740550096098,0.0023741488668242994,0.0016053841741250352,0.00302330386820735
2025-02-20,0.01742191135803317,0.0070314990870450345,0.004343604884288865,0.01742191135803317,0.0070314990870450345,-0.004343604884288865,0.002619049545588177,0.0006454799373174502,0.004419282092243293,-0.034999847412109375,0.01742191135803317,0.008794802184824016,0.0035086857370266954,0.0070314990870450345,0.006456677978738945,0.0009614978126261775,-0.004343604884288865,0.0001575158793620801,8.01202485025243e-05
2025-02-21,0.022714094704245014,0.0008166266630071917,0.01721139667253979,-0.022714094704245014,-0.0008166266630071917,-0.01721139667253979,-0.007604895256789715,-0.003824265757210066,-0.030358324246371637,-0.07999992370605469,-0.022714094704245014,0.0020382839479040626,-0.0028578487872682246,-0.0008166266630071917,0.0006815241021461323,0.0037106814546419287,-0.01721139667253979,-0.006393617563334786,-0.00334776980689071
2025-02-24,0.05021084130463649,0.003500064634192057,0.004981493566251771,-0.05021084130463649,0.003500064634192057,-0.004981493566251771,0.002454137301787264,-0.0007583110002431503,0.004252244899221935,-0.026999950408935547,-0.05021084130463649,-0.018501008216949444,-0.00930810589088189,0.003500064634192057,0.0032383123527433,0.00441069438148034,-0.004981493566251771,-0.008845498374360142,-0.004344068520141064
2025-02-25,0.02977666935499812,0.014831760871325095,0.004690715138396584,-0.02977666935499812,-0.014831760871325095,-0.004690715138396584,0.0012875755435648034,-0.0003310784441767911,-0.025354028412746032,-0.0950002670288086,-0.02977666935499812,-0.03423386845462654,-0.014774531763184485,-0.014831760871325095,-0.0040494409667134095,-0.0018574247861389281,-0.004690715138396584,-0.008961201792396048,-0.005770612278930542
2025-02-26,0.05072808622096936,0.004225883232117589,0.0001360150295841578,-0.05072808622096936,0.004225883232117589,0.0001360150295841578,-0.005980808002527739,0.0,-0.004507423868616911,-0.048999786376953125,-0.05072808622096936,-0.04357186562686799,-0.027201556045363163,0.004225883232117589,-0.0023686043350051498,-0.00017818811619552122,0.0001360150295841578,-0.0031787312250213993,-0.006218239046378571
2025-02-27,0.004225980660949702,0.011586370186079442,0.015991742678524545,0.004225980660949702,-0.011586370186079442,-0.015991742678524545,0.0033620482411424943,0.001433904177671863,0.024898684414305094,0.03599977493286133,0.004225980660949702,-0.025426258305005927,-0.029840742184779855,-0.011586370186079442,-0.007397415941762316,-0.0039017619708204164,-0.015991742678524545,-0.006848814262445657,-0.008547866605225708
2025-02-28,0.003917962993897461,0.016224097946285987,0.01572978042066353,-0.003917962993897461,-0.016224097946285987,0.01572978042066353,0.008969494996500245,0.0037542942326562745,-0.008421951647283876,-0.053999900817871094,-0.003917962993897461,-0.016806689517972373,-0.026081515842710346,-0.016224097946285987,-0.007861528300082613,-0.006983256227476175,0.01572978042066353,-4.1982409425619004e-05,-0.0019596311865850424
2025-03-03,0.019863093489824735,0.018649013437515016,0.017753402648310157,0.019863093489824735,0.018649013437515016,-0.017753402648310157,-0.0018000003185575653,-0.0003431580524597688,-0.02012663812526405,-0.051000118255615234,0.019863093489824735,0.0067237037189589914,-0.0120667288838181,0.018649013437515016,-0.003053818231616804,-0.003953466466811583,-0.017753402648310157,-0.006005121635390391,-0.00451401300299672
2025-03-04,0.013348200634373697,0.006689961266387101,0.012310288231505595,0.013348200634373697,0.006689961266387101,-0.012310288231505595,-0.006812955677712888,0.00020589586985719777,-0.0016101973239743828,0.03000020980834961,0.013348200634373697,0.009764443710100323,-0.0034417548859437376,0.006689961266387101,0.00303829225253871,0.0003508779607308554,-0.012310288231505595,-0.004777970153050741,-0.006037927621618522
2025-03-05,0.03825541905303531,0.0019570989537598393,0.011097472528735608,0.03825541905303531,0.0019570989537598393,0.011097472528735608,-0.013447975005855817,-0.002639264782660522,-0.028983296211349874,0.05499982833862305,0.03825541905303531,0.023822237725744582,0.014354946168857196,0.0019570989537598393,0.009098691219220653,-0.00010287889494069447,0.011097472528735608,-0.006322072783693382,-0.0038456361217882318
2025-03-06,0.007329931515325683,0.00044584057237084807,0.01797967710745496,-0.007329931515325683,0.00044584057237084807,-0.01797967710745496,-0.0156801833930421,-0.0019978569553307235,0.0007537959571211061,0.020999908447265625,-0.007329931515325683,0.014757896057361108,0.012043763733602119,0.00044584057237084807,0.003030966930839263,0.0023035632567493637,-0.01797967710745496,-0.006397497603408316,-0.004243223007574315
2025-03-07,0.036438378269309624,0.0040884898428901195,0.005505435045455087,-0.036438378269309624,-0.0040884898428901195,0.005505435045455087,0.0006474654937534408,0.0,0.010194995310435218,0.031000137329101562,-0.036438378269309624,-0.0018376302438666652,0.0055396806785196874,-0.0040884898428901195,-0.0005618501055864774,0.004730684877428537,0.005505435045455087,-0.00045892317775475533,-0.006288092082616004
2025-03-10,0.0994397561589313,0.004727634903136213,0.02734354178842935,-0.0994397561589313,-0.004727634903136213,-0.02734354178842935,-0.006711015655979716,-0.0022920429064745562,-0.01518030411088045,-0.10400009155273526,-0.0994397561589313,-0.04773602198118887,-0.01832088925123152,-0.004727634903136213,-0.002790094724551828,5.535520929829118e-05,-0.02734354178842935,-0.01327259461680974,-0.008206119910639843
2025-03-11,0.05367293406512452,0.0075466519578206714,0.00759664691853601,0.05367293406512452,0.0075466519578206714,-0.00759664691853601,0.0019529992471178093,0.003463686739095584,0.0033262991469502623,0.07500028610229581,0.05367293406512452,-0.027401733454372135,-0.010255942565081356,0.0075466519578206714,-0.0004231575960685537,0.00022669334758500525,-0.00759664691853601,-0.009811584553836758,-0.007263391648045925
2025-03-12,0.010326959815815329,0.00895433027112258,0.004874967940491359,0.010326959815815329,0.00895433027112258,0.004874967940491359,-0.006874075202624633,0.0,0.02135525494073498,0.029999732971191406,0.010326959815815329,-0.011813287425997151,-0.01584163441252535,0.00895433027112258,0.003924449108602346,0.0016261396110575533,0.004874967940491359,-0.010021740255491332,-0.008507892565694775
2025-03-13,0.03223376776091058,0.015261784579634785,0.013988366806465535,-0.03223376776091058,0.015261784579634785,-0.013988366806465535,0.002561581871220006,-0.003035257892341825,-0.016837129109330107,-0.043999671936035156,-0.03223376776091058,0.010588708706676423,-0.020822401661642332,0.015261784579634785,0.01058758893619268,0.00458932841251034,-0.013988366806465535,-0.0055700152615033955,-0.0077096305054968894
2025-03-14,0.035176581475923285,0.0034120428795940683,0.021042905953198243,0.035176581475923285,0.0034120428795940683,0.021042905953198243,0.0028155718525777057,0.0,0.009421998029068845,0.03399991989135742,0.035176581475923285,0.004423257843609345,-0.006499409712595749,0.0034120428795940683,0.009209385910117144,0.006089434957007178,0.021042905953198243,0.003976502362408023,-0.004602136323948259
2025-03-17,0.0012685421831619692,0.0018350159457281023,0.006395634974605713,0.0012685421831619692,0.0018350159457281023,0.006395634974605713,-0.0023584818046275685,0.0,0.005936519653962691,-0.0019998550415039062,0.0012685421831619692,0.0014037852993915578,0.013642249955822906,0.0018350159457281023,0.006836281134985652,0.007401965126780041,0.006395634974605713,0.004483391373779473,0.0021456990286587542
2025-03-18,0.016274157682193646,0.01163211640533568,0.010710667074320668,-0.016274157682193646,0.01163211640533568,-0.010710667074320668,-0.0034771441735252234,-0.0006081982381138662,-0.010113118438230373,-0.025000095367430752,-0.016274157682193646,0.006723655325630536,-0.0003471683936407288,0.01163211640533568,0.005626391743552617,0.008219058016283042,-0.010710667074320668,0.005575957951161096,0.0015228949975018224
2025-03-19,0.04878787945306051,0.0002634836739012769,0.01074060817295397,0.04878787945306051,0.0002634836739012769,0.01074060817295397,-0.0018579675214814295,-0.0007468470561873275,0.003878896794933695,-0.02500009536743253,0.04878787945306051,0.011260754651342944,0.007345015533808308,0.0002634836739012769,0.004576872008321686,0.006480888696838783,0.01074060817295397,0.0021418586910796713,0.0026960230439943443
2025-03-20,0.03142591561831054,0.0013496266707839766,0.00218728351378239,-0.03142591561831054,0.0013496266707839766,-0.00218728351378239,0.0025238089268409397,0.0003734932506576083,0.016246088036584005,-0.023000240325927734,-0.03142591561831054,0.00036260205085210845,0.007506585962328316,0.0013496266707839766,0.004415075583340311,0.003698457115068621,-0.00218728351378239,-0.0007191141383830294,0.005056239702530973
2025-03-21,0.001473786636289276,0.0071969043937123445,0.0008243136078327495,-0.001473786636289276,-0.0071969043937123445,0.0008243136078327495,0.005072075753925098,0.0024451679266694892,0.0002929052742830507,0.01900005340576172,-0.001473786636289276,0.005296059066153565,0.00017651233988580373,-0.0071969043937123445,-0.0018612646830090303,0.001576667660407338,0.0008243136078327495,0.0031258794223347763,0.0010125212334578747
2025-03-24,0.040294928240385275,0.0016911295043424701,0.017492117128638185,0.040294928240385275,-0.0016911295043424701,0.017492117128638185,0.001930599440529951,0.00011032628005214207,0.012082566886560286,0.07899999618530273,0.040294928240385275,0.002465075328595153,0.007981789551330465,-0.0016911295043424701,-0.002512802409090279,0.0008714385703932237,0.017492117128638185,0.005376382407562848,0.0032318176642643693
2025-03-25,0.0003110343685897021,0.003511749378260376,0.0015730954906540973,-0.0003110343685897021,0.003511749378260376,0.0015730954906540973,0.0029754460450341913,0.0006206133867687758,-0.0015929423376386254,-0.023999691009521484,-0.0003110343685897021,0.012836702411835432,0.011174414214051253,0.003511749378260376,-0.0017920948399314796,-0.000752634835021837,0.0015730954906540973,0.006629842075708344,0.005688570177259322
2025-03-26,0.006547157036870033,0.0009264629905239019,0.011219640357598593,-0.006547157036870033,-0.0009264629905239019,-0.011219640357598593,0.001489746399025632,0.000537571080987842,0.00937621753636364,0.03099966049194247,-0.006547157036870033,0.01114557894497518,0.00010740691606514474,-0.0009264629905239019,0.00029805229446466797,-0.0009906241679068727,-0.011219640357598593,0.0026151907538978967,0.0012965204711488099
2025-03-27,0.0031735085032362775,0.012925489441903082,0.003312461007132228,0.0031735085032362775,0.012925489441903082,-0.003312461007132228,0.004219799032014401,0.0,0.0038689830258036295,0.03100013732910245,0.0031735085032362775,-0.0012282276340744858,0.007027291740374508,0.012925489441903082,0.005170258609879852,0.0013245483863169483,-0.003312461007132228,-0.004319668624692241,0.0010714849724788422
2025-03-28,0.03292956550032855,0.00855750550209855,0.019934601126852414,-0.03292956550032855,0.00855750550209855,-0.019934601126852414,-0.005471894344660583,0.0008815455504391778,-0.008041363887377528,-0.11399984359741211,-0.03292956550032855,-0.012101071344654102,0.0007361359675666535,0.00855750550209855,0.00685217731782591,0.004475430365479127,-0.019934601126852414,-0.011488900830527745,-0.0030802979744581904
2025-03-31,0.02162111879622408,0.011692288048193333,0.005523240357645065,-0.02162111879622408,0.011692288048193333,0.005523240357645065,-0.0021192827791274987,-6.880378581120006e-05,0.030107395982433616,-0.009000301361083984,-0.02162111879622408,-0.017125725264438785,-0.011647073439755217,0.011692288048193333,0.011058427664064988,0.007152113875986288,0.005523240357645065,-0.005907940592113192,-0.005474073328656815
2025-04-01,0.03124852053156779,0.0012497066576351301,0.003774104555212432,0.03124852053156779,-0.0012497066576351301,0.003774104555212432,0.0004653715446830964,-0.0008402738408948007,-0.003924961698320573,-0.08999967575073153,0.03124852053156779,-0.007767387921661613,-0.005335162459723719,-0.0012497066576351301,0.0063333622975522514,0.0061998226688071865,0.003774104555212432,-0.003545752071331639,-0.005033871515745148
2025-04-02,0.032014458322985107,0.006710576935194723,0.006705661429483811,-0.032014458322985107,0.006710576935194723,0.006705661429483811,0.0021182334491862825,0.0017898467390027317,0.0071374195712401445,0.039999961853026456,-0.032014458322985107,-0.007462352195880466,-0.010428622716946733,0.006710576935194723,0.005717719441917642,0.0077272306539509115,0.006705661429483811,0.005334335447447103,-0.0014488111583286667
2025-04-03,0.007453656492041105,0.013757020186499602,0.049605911828995986,0.007453656492041105,-0.013757020186499602,-0.049605911828995986,-0.010385506549046603,-0.0003026891930597575,-0.06868416857286341,-0.14100027084350586,0.007453656492041105,0.002229239566874597,-0.009572593119185768,-0.013757020186499602,-0.0027653833029800032,0.002390728728270375,-0.049605911828995986,-0.01304204861476658,-0.010707501322701419
2025-04-04,0.008876865806506373,0.02782959105342009,0.06160906189823123,0.008876865806506373,-0.02782959105342009,-0.06160906189823123,-0.012304058151924382,0.0,-0.07697291776429882,-0.06999993324279785,0.008876865806506373,-0.005227978674812543,-0.0012113068578187836,-0.02782959105342009,-0.011625344768241655,-0.004886690582833353,-0.06160906189823123,-0.034836437432581135,-0.01904239347697718
2025-04-07,0.05653323973337088,0.020358542145218372,0.002334194605962736,-0.05653323973337088,-0.020358542145218372,-0.002334194605962736,0.005374888924794097,0.001897084067734589,-0.021029398155769208,0.17000031471252441,-0.05653323973337088,-0.0134009058116078,-0.008193731045248143,-0.020358542145218372,-0.020648384461712688,-0.011296856621515694,-0.002334194605962736,-0.03784972277772999,-0.020613880469698743
2025-04-08,0.03811707626174865,0.005777286422797623,0.015825083277055896,-0.03811707626174865,0.005777286422797623,-0.015825083277055896,0.006318111363572687,0.003673925623997709,-0.01862373261662853,0.10699987411499023,-0.03811707626174865,-0.02859115006287105,-0.02206685040391143,0.005777286422797623,-0.01413694892528028,-0.009891458005429144,-0.015825083277055896,-0.026589446593749955,-0.024533718036152407
2025-04-09,0.07938900944238014,0.029247416271417137,0.09089487983303712,0.07938900944238014,0.029247416271417137,0.09089487983303712,-0.005944723150577466,0.00419198253622266,0.04544366963540547,0.1380000114440918,0.07938900944238014,-0.0050871021842464614,0.00021384314916161884,0.029247416271417137,0.004888720182998796,-0.005384090138184661,0.09089487983303712,0.024245200650006165,-0.007695874355441746
2025-04-10,0.0363518545774042,0.031781399464090754,0.03522060702411167,-0.0363518545774042,0.031781399464090754,-0.03522060702411167,0.002588083241338024,0.0015249650686985916,-0.037253103871513815,-0.006000041961669922,-0.0363518545774042,0.0016400262010757654,-0.008547259064727442,0.031781399464090754,0.02226870071943517,0.0037235937919334106,-0.03522060702411167,0.013283063177289852,-0.0048188133944648825
2025-04-11,0.04636385379527397,0.02101247097035497,0.017930380835776916,0.04636385379527397,0.02101247097035497,0.017930380835776916,-0.02753679933611705,-0.004909962789320543,0.023526631030738265,0.0989999771118164,0.04636385379527397,0.029800336220083306,-0.0010498614669739227,0.02101247097035497,0.027347095568620954,0.013492006196688422,0.017930380835776916,0.02453488454823412,0.011089075152336748
2025-04-14,0.013546780227141397,0.005414639755736417,0.007913319326343426,0.013546780227141397,-0.005414639755736417,0.007913319326343426,-0.007548668662162347,-0.003067305603104309,0.00048766610077244366,-0.12900018692016602,0.013546780227141397,0.007852926481670389,0.012966142525128533,-0.005414639755736417,0.015793076892903102,0.016480786674584812,0.007913319326343426,-0.0031256356206637768,0.013138577938797979
2025-04-15,0.010384627625775522,0.0043278349931821225,0.0017292752253013077,-0.010384627625775522,0.0043278349931821225,-0.0017292752253013077,0.0003062281764536767,0.0027801450426465646,-0.003255691419577822,-0.0409998893737793,-0.010384627625775522,0.01650866879887995,0.018512632252323157,0.0043278349931821225,0.006641888735933558,0.016190896388661714,-0.0017292752253013077,0.008038141645606345,0.0159577395491489
2025-04-16,0.004351453244224146,0.032973254571937005,0.022663253964902097,0.004351453244224146,0.032973254571937005,-0.022663253964902097,0.004152996719957794,0.0,0.018417311552441085,-0.04400014877319336,0.004351453244224146,0.0025045352818633404,0.0035051210126919585,0.032973254571937005,0.01062881660312757,0.016936064048765687,-0.022663253964902097,-0.005493069954619993,-0.006753887210438947
2025-04-17,0.010204134780154916,0.005395442489893654,0.0013259586237737153,0.010204134780154916,-0.005395442489893654,0.0013259586237737153,-0.009177780843403635,0.0,0.03476557838103833,0.0540003776550293,0.010204134780154916,0.0013903201328678467,0.012816318884203782,-0.005395442489893654,0.010635215691741825,0.009500695657968804,0.0013259586237737153,-0.007688856855476563,0.0005554259191381305
2025-04-18,0.005254861395886934,0.0,0.0,-0.005254861395886934,0.0,0.0,0.0,0.0,0.0,0.0,-0.005254861395886934,0.003100242209497376,0.002492575845971601,0.0,0.009192604027347784,0.0052982014638978114,0.0,-0.007112431780376127,-0.0030306502480172528
2025-04-21,0.03568566967645914,0.029041937846947974,0.02384964833401959,0.03568566967645914,0.029041937846947974,-0.02384964833401959,0.0,0.0,-0.02504824830480956,0.07200002670288086,0.03568566967645914,0.013544981020242375,0.0069203537358351495,0.029041937846947974,0.007882165119018106,0.01218951698443469,-0.02384964833401959,-0.007507896570081958,-0.009383243780089857
2025-04-22,0.06548491099549558,0.0015865736672466824,0.024806952125450366,0.06548491099549558,-0.0015865736672466824,0.024806952125450366,-0.010125816666314402,-0.0017658536977516182,0.01931131106134476,-0.01600027084350586,0.06548491099549558,0.03197190642535593,0.02209426146008937,-0.0015865736672466824,0.009151788059900431,0.011006635252348929,0.024806952125450366,0.0003191012638102582,-0.004075998309939521
2025-04-23,0.002748931682265976,0.03729596062718876,0.016523864366879693,0.002748931682265976,-0.03729596062718876,0.016523864366879693,0.01412947530723993,0.001752158695494721,-0.0322353259480499,-0.0019998550415039062,0.002748931682265976,0.0346398374514069,0.021773757147697737,-0.03729596062718876,-0.003280198815829157,-0.003047207787476225,0.016523864366879693,0.005827056052770156,0.0037614253564168367
2025-04-24,0.0026080137382393787,0.016857972511505892,0.020056628082583572,0.0026080137382393787,0.016857972511505892,0.020056628082583572,0.0021091329266356984,-0.003534814201534342,0.008316063471168533,-0.0820002555847168,0.0026080137382393787,0.023613952138666978,0.020254532939314628,0.016857972511505892,-0.007341520594309851,0.0014034752128036843,0.020056628082583572,0.02046248152497121,0.007507559248178808
2025-04-25,0.008233751969907388,0.014997891910233818,0.007346084795701202,0.008233751969907388,-0.014997891910233818,0.007346084795701202,-0.003926947770753864,0.0,0.0036563038861121555,-0.03900003433227539,0.008233751969907388,0.004530232463470914,0.022952255612473493,-0.014997891910233818,-0.011811960008638897,-0.0015961031692430794,0.007346084795701202,0.014642192415054822,0.008976776207319048
2025-04-28,0.002722732530990868,0.015147940676364158,0.0006405015390011926,0.002722732530990868,0.015147940676364158,0.0006405015390011926,0.0025327121501848016,5.4907412144755696e-05,-0.015511644237856004,-0.04999971389770508,0.002722732530990868,0.004521499413045878,0.01635966818337984,0.015147940676364158,0.005669340425878744,-0.004374902603359843,0.0006405015390011926,0.009347738139095322,0.013874806181923206
2025-04-29,0.007333309425444412,0.004119486550148821,0.005785641545557496,-0.007333309425444412,-0.004119486550148821,0.005785641545557496,-0.00580181347282277,0.0010425376749825244,-0.026620353701971133,-0.043000221252441406,-0.007333309425444412,0.0012077250251512812,0.0017960240991918397,-0.004119486550148821,-0.0013231459280061604,-0.004881485179940271,0.005785641545557496,0.004590742626753297,0.01007054406594463
2025-04-30,0.0008220669855223406,0.0041668132169281336,0.0014788972519319543,-0.0008220669855223406,-0.0041668132169281336,0.0014788972519319543,0.0017440676054892579,-0.0034333749335861974,-0.03726300009744943,0.004000186920166016,-0.0008220669855223406,-0.001810881293325295,0.0010818243656341765,-0.0041668132169281336,0.0022872136364290676,0.0017443443021118554,0.0014788972519319543,0.002635013445496881,0.007061550642955083
2025-05-01,0.023965778896187118,0.02916553616172557,0.006279345716452056,0.023965778896187118,-0.02916553616172557,0.006279345716452056,0.005667199944917697,0.0002200595179684406,0.0175398721772968,0.053999900817871094,0.023965778896187118,0.005270134161740121,0.005353377397223724,-0.02916553616172557,-0.012483945309600841,-0.007460357432534437,0.006279345716452056,0.004514628171313835,0.00430609416972878
2025-05-02,0.004319853436324905,0.006799232227836072,0.014619191109114027,0.004319853436324905,0.006799232227836072,0.014619191109114027,0.0025109443487624783,0.0,-0.016166449969052366,0.09100008010864258,0.004319853436324905,0.009154521782329894,0.004570597690507228,0.006799232227836072,-0.008844372383605878,-0.003100932604920459,0.014619191109114027,0.007459144692499346,0.005760715432411345
2025-05-05,0.022562125541382372,0.024270706904035322,0.00640204702931868,-0.022562125541382372,0.024270706904035322,-0.00640204702931868,-0.002363734059408748,0.0,-0.02010117633128594,0.020999908447264737,-0.022562125541382372,0.001907835597043217,-0.0004863739239674203,0.024270706904035322,0.0006348009900486081,-0.001276379359386226,-0.00640204702931868,0.004832163265415801,0.00435220571874737
2025-05-06,0.021451265529472963,0.029781859324396365,0.007722985278391548,0.021451265529472963,0.029781859324396365,-0.007722985278391548,0.0008714782692125222,-8.250844568458149e-05,0.03373231650728492,-0.03499984741210849,0.021451265529472963,0.0010696644748051654,0.005270541067016054,0.029781859324396365,0.02028393281875592,0.005503889815522811,-0.007722985278391548,0.000164719600467933,0.0016504803539575618
2025-05-07,0.00237154382422311,0.008832939557882113,0.004336938106709098,0.00237154382422311,-0.008832939557882113,0.004336938106709098,-0.002594135187975133,-0.007413931266182061,-0.01741253381123009,-0.03299999237060547,0.00237154382422311,0.0004202279374379003,0.005909263228965145,-0.008832939557882113,0.01507320889018319,0.004570664547332015,0.004336938106709098,-0.0032626980670003767,0.0022220885249129908
2025-05-08,0.06202640353374633,0.025398132101866366,0.005783021147466982,0.06202640353374633,-0.025398132101866366,0.005783021147466982,0.003227467006617815,0.0012325820128751275,0.03119425942023213,0.09800004959106445,0.06202640353374633,0.028616404295814135,0.013521388156476988,-0.025398132101866366,-0.0014830707784507051,0.0053241453593038555,0.005783021147466982,0.0007989913252615111,0.0021228236111159758
2025-05-09,0.0026245719962858516,0.011700918988175601,0.0007117341348763517,-0.0026245719962858516,0.011700918988175601,-0.0007117341348763517,0.0072772778833072455,0.0,0.018358253241505196,0.0019998550415039062,-0.0026245719962858516,0.020591125120561198,0.012132503069954836,0.011700918988175601,-0.007510050890524293,0.006304482711371762,-0.0007117341348763517,0.003136075039766576,-0.0009433614376820997
2025-05-12,0.0015346053954772287,0.035211223370302136,0.03203997667701941,-0.0015346053954772287,-0.035211223370302136,0.03203997667701941,-0.00048274466502151725,0.001535085215162546,0.01512593360017167,0.0819997787475586,-0.0015346053954772287,0.019289075380661085,0.016338007099135864,-0.035211223370302136,-0.016302812161330966,-0.00559190334349573,0.03203997667701941,0.012370421229870013,0.006745043303585519
2025-05-13,0.013111031807524043,0.006284573623098311,0.007222059020246974,0.013111031807524043,0.006284573623098311,0.007222059020246974,0.012010691693281741,-0.004779048221762006,0.027385844879860066,0.04200029373168945,0.013111031807524043,0.002983951471920321,0.01466996035474608,0.006284573623098311,-0.005741910253009408,-0.01029136048375534,0.007222059020246974,0.012850100520796678,0.009734052163313222
2025-05-14,0.006070027639406561,0.01834461239329066,0.0010238912422764201,-0.006070027639406561,-0.01834461239329066,0.0010238912422764201,-0.008076835547119743,0.0005413918124586026,-0.008200592311149002,0.028999805450438565,-0.006070027639406561,0.001835466257546751,0.012981646062020147,-0.01834461239329066,-0.01575708738016483,-0.01219369505083705,0.0010238912422764201,0.013428642313180935,0.009071442790426687
2025-05-15,0.001980148737121823,0.012277391287756956,0.004123817438756561,0.001980148737121823,0.012277391287756956,0.004123817438756561,0.0003243023869177325,0.0,-0.024526397124652988,-0.07299995422363192,0.001980148737121823,0.0030070509684131017,0.0009723951026952449,0.012277391287756956,7.24508391882021e-05,-0.004658590372912386,0.004123817438756561,0.004123255900426652,0.008739602048684602
2025-05-16,0.0024643811186511044,0.012088782158285127,0.00698084936809984,-0.0024643811186511044,-0.012088782158285127,0.00698084936809984,-0.0009620816057503007,0.00011103547740498598,0.014020094966140206,-0.01399993896484375,-0.0024643811186511044,-0.0021847533403119477,0.0010044332782221943,-0.012088782158285127,-0.006052001087939611,-0.009416530602204532,0.00698084936809984,0.0040428526830442735,0.01027811874927984
2025-05-19,0.02024876929653807,0.014631561796194958,0.0008757295660490882,0.02024876929653807,0.014631561796194958,0.0008757295660490882,0.00045881793126867354,0.00034685681621526854,0.0031953525790582304,0.03399991989135742,0.02024876929653807,0.0065881789716695964,0.005361108216625254,0.014631561796194958,0.004940056975222262,0.0005520264310948875,0.0008757295660490882,0.003993465457635163,0.004045269327085777
2025-05-20,0.011157568710077115,0.01579340480163438,0.003887777069571996,0.011157568710077115,0.01579340480163438,-0.003887777069571996,-0.004091829968707286,0.0,-0.0020758051911764497,0.006000041961669922,0.011157568710077115,0.009647318962654694,0.004970415597135869,0.01579340480163438,0.00611206147984807,0.0024537926668021016,-0.003887777069571996,0.0013229339548589774,0.0018233021091219825
2025-05-21,0.02667505449687546,0.00880180490270277,0.01626671926775991,0.02667505449687546,0.00880180490270277,-0.01626671926775991,-0.004842077123102598,0.0014415763622910305,-0.01595138422208553,0.11500024795532138,0.02667505449687546,0.019360464167830216,0.011519432024392273,0.00880180490270277,0.01307559050017737,0.007883076126000787,-0.01626671926775991,-0.006426255590427606,-0.0016348199928852836
2025-05-22,0.018027963942364167,0.005150277910233925,0.00044497002242138706,0.018027963942364167,-0.005150277910233925,-0.00044497002242138706,-0.0038226265587485153,-0.00242695629040246,-0.006027531981941614,-0.04300022125244052,0.018027963942364167,0.018620195716438914,0.014728995065440741,-0.005150277910233925,0.006481643931367742,0.004397542286402612,-0.00044497002242138706,-0.006866488786584431,-0.002548577485120873
2025-05-23,0.04006256233899386,0.02142543450396417,0.00673089959147255,-0.04006256233899386,0.02142543450396417,-0.00673089959147255,0.004364297407578405,0.0002499111835285728,0.005377638928633743,-0.04400014877319336,-0.04006256233899386,0.0015468187000819238,0.0072093588213721915,0.02142543450396417,0.008358987165477672,0.01110038561885247,-0.00673089959147255,-0.007814196293884615,-0.005290927277035351
2025-05-26,0.019864894879290773,0.0,0.0,0.019864894879290773,0.0,0.0,-0.008031025278735407,0.0,0.0,0.0,0.019864894879290773,-0.0007232345057796389,0.007132583937922732,0.0,0.005425052197910081,0.008174073259613479,0.0,-0.0023919565379646457,-0.005466073190245169
2025-05-27,0.004081096575204057,0.01936212440612195,0.020252580802184283,-0.004081096575204057,-0.01936212440612195,0.020252580802184283,-0.0013770287230347455,0.0,-0.010455893316601461,-0.07499980926513672,-0.004081096575204057,-0.008092921344969048,0.004084850880866497,-0.01936212440612195,0.0006877700326140731,0.0011429674180622128,0.020252580802184283,0.004507227070237245,-0.0006380016158939128
2025-05-28,0.010999457493792164,0.0016685124798723194,0.005586802576445393,-0.010999457493792164,-0.0016685124798723194,-0.005586802576445393,0.004522353590830724,0.0,0.015481459149985888,0.043000221252441406,-0.010999457493792164,0.001594780270098184,-0.003450051517267028,-0.0016685124798723194,-0.007010212295331423,-0.000951096058452805,-0.005586802576445393,0.004888592741912963,0.0014979817223689906
2025-05-29,0.020245528009255054,0.007109715550713602,0.004003170870632289,-0.020245528009255054,0.007109715550713602,0.004003170870632289,0.009163609060517941,0.0,-0.0146606557241995,-0.053000450134277344,-0.020245528009255054,-0.011775360692750425,-0.011104749907590871,0.007109715550713602,-0.004640307111760222,0.0015009026337367004,0.004003170870632289,0.006222983032123726,0.002387609900979726
2025-05-30,0.015676574887612205,0.008537804000789961,8.118845699556232e-05,-0.015676574887612205,-0.008537804000789961,-8.118845699556232e-05,-0.012798070714717696,0.0,-0.002464434201306709,-0.007999897003173828,-0.015676574887612205,-0.01564052013021981,-0.006227552417314541,-0.008537804000789961,-0.001032200309982893,-0.004491745067214126,-8.118845699556232e-05,-0.0005549400542695556,0.0037175521278751235
